All calculations,Bus 16
"b:tnow in s","m:fehz in Hz"
-0.100000,60.000000
-0.090000,60.000000
-0.080000,60.000000
-0.070000,60.000000
-0.060000,60.000000
-0.050000,60.000000
-0.040000,60.000000
-0.030000,60.000000
-0.020000,60.000000
-0.010000,60.000000
-0.000000,60.000000
0.010000,60.000000
0.020000,60.000000
0.030000,60.000000
0.040000,60.000000
0.050000,60.000000
0.060000,60.000000
0.070000,60.000000
0.080000,60.000000
0.090000,60.000000
0.100000,60.000000
0.110000,60.000000
0.120000,60.000000
0.130000,60.000000
0.140000,60.000000
0.150000,60.000000
0.160000,60.000000
0.170000,60.000000
0.180000,60.000000
0.190000,60.000000
0.200000,60.000000
0.210000,60.000000
0.220000,60.000000
0.230000,60.000000
0.240000,60.000000
0.250000,60.000000
0.260000,60.000000
0.270000,60.000000
0.280000,60.000000
0.290000,60.000000
0.300000,60.000000
0.310000,60.000000
0.320000,60.000000
0.330000,60.000000
0.340000,60.000000
0.350000,60.000000
0.360000,60.000000
0.370000,60.000000
0.380000,60.000000
0.390000,60.000000
0.400000,60.000000
0.410000,60.000000
0.420000,60.000000
0.430000,60.000000
0.440000,60.000000
0.450000,60.000000
0.460000,60.000000
0.470000,60.000000
0.480000,60.000000
0.490000,60.000000
0.500000,60.000000
0.505000,60.000000
0.511667,60.000000
0.521667,59.995854
0.531667,59.994632
0.541667,59.993935
0.551667,59.994007
0.561667,59.994125
0.571667,59.994156
0.581667,59.994070
0.591667,59.993872
0.601667,59.993575
0.611667,59.993193
0.621667,59.992742
0.631667,59.992233
0.641667,59.991676
0.651667,59.991079
0.661667,59.990448
0.671667,59.989787
0.681667,59.989100
0.691667,59.988388
0.701667,59.987654
0.711667,59.986899
0.721667,59.986124
0.731667,59.985329
0.741667,59.984515
0.751667,59.983681
0.761667,59.982829
0.771667,59.981958
0.781667,59.981067
0.791667,59.980158
0.801667,59.979230
0.811667,59.978282
0.821667,59.977316
0.831667,59.976330
0.841667,59.975326
0.851667,59.974302
0.861667,59.973259
0.871667,59.972197
0.881667,59.971117
0.891667,59.970018
0.901667,59.968900
0.911667,59.967765
0.921667,59.966611
0.931667,59.965440
0.941667,59.964251
0.951667,59.963045
0.961667,59.961823
0.971667,59.960584
0.981667,59.959330
0.991667,59.958060
1.001667,59.956775
1.011667,59.955476
1.021667,59.954162
1.031667,59.952836
1.041667,59.951496
1.051667,59.950144
1.061667,59.948781
1.071667,59.947406
1.081667,59.946021
1.091667,59.944626
1.101667,59.943222
1.111667,59.941809
1.121667,59.940388
1.131667,59.938960
1.141667,59.937525
1.151667,59.936085
1.161667,59.934639
1.171667,59.933188
1.181667,59.931734
1.191667,59.930277
1.201667,59.928817
1.211667,59.927356
1.221667,59.925893
1.231667,59.924430
1.241667,59.922967
1.251667,59.921505
1.261667,59.920045
1.271667,59.918588
1.281667,59.917133
1.291667,59.915682
1.301667,59.914235
1.311667,59.912793
1.321667,59.911356
1.331667,59.909926
1.341667,59.908503
1.351667,59.907086
1.361667,59.905678
1.371667,59.904278
1.381667,59.902887
1.391667,59.901506
1.401667,59.900135
1.411667,59.898774
1.421667,59.897424
1.431667,59.896086
1.441667,59.894760
1.451667,59.893446
1.461667,59.892144
1.471667,59.890856
1.481667,59.889581
1.491667,59.888320
1.501667,59.887073
1.511667,59.885840
1.521667,59.884622
1.531667,59.883419
1.541667,59.882231
1.551667,59.881058
1.561667,59.879901
1.571667,59.878759
1.581667,59.877633
1.591667,59.876523
1.601667,59.875428
1.611667,59.874350
1.621667,59.873288
1.631667,59.872242
1.641667,59.871212
1.651667,59.870197
1.661667,59.869199
1.671667,59.868217
1.681667,59.867250
1.691667,59.866299
1.701667,59.865363
1.711667,59.864443
1.721667,59.863538
1.731667,59.862647
1.741667,59.861772
1.751667,59.860910
1.761667,59.860063
1.771667,59.859230
1.781667,59.858410
1.791667,59.857604
1.801667,59.856810
1.811667,59.856029
1.821667,59.855260
1.831667,59.854503
1.841667,59.853757
1.851667,59.853022
1.861667,59.852298
1.871667,59.851584
1.881667,59.850879
1.891667,59.850183
1.901667,59.849497
1.911667,59.848818
1.921667,59.848147
1.931667,59.847483
1.941667,59.846826
1.951667,59.846175
1.961667,59.845530
1.971667,59.844890
1.981667,59.844255
1.991667,59.843624
2.001667,59.842996
2.011667,59.842371
2.021667,59.841749
2.031667,59.841129
2.041667,59.840510
2.051667,59.839892
2.061667,59.839275
2.071667,59.838657
2.081667,59.838039
2.091667,59.837420
2.101667,59.836799
2.111667,59.836176
2.121667,59.835550
2.131667,59.834921
2.141667,59.834289
2.151667,59.833652
2.161667,59.833011
2.171667,59.832366
2.181667,59.831715
2.191667,59.831058
2.201667,59.830395
2.211667,59.829725
2.221667,59.829049
2.231667,59.828365
2.241667,59.827674
2.251667,59.826975
2.261667,59.826267
2.271667,59.825551
2.281667,59.824826
2.291667,59.824092
2.301667,59.823349
2.311667,59.822596
2.321667,59.821834
2.331667,59.821061
2.341667,59.820279
2.351667,59.819486
2.361667,59.818683
2.371667,59.817869
2.381667,59.817044
2.391667,59.816209
2.401667,59.815363
2.411667,59.814507
2.421667,59.813639
2.431667,59.812761
2.441667,59.811872
2.451667,59.810972
2.461667,59.810061
2.471667,59.809140
2.481667,59.808208
2.491667,59.807265
2.501667,59.806313
2.511667,59.805350
2.521667,59.804376
2.531667,59.803393
2.541667,59.802401
2.551667,59.801398
2.561667,59.800387
2.571667,59.799366
2.581667,59.798337
2.591667,59.797299
2.601667,59.796252
2.611667,59.795198
2.621667,59.794136
2.631667,59.793066
2.641667,59.791990
2.651667,59.790906
2.661667,59.789816
2.671667,59.788720
2.681667,59.787619
2.691667,59.786512
2.701667,59.785399
2.711667,59.784283
2.721667,59.783162
2.731667,59.782037
2.741667,59.780909
2.751667,59.779777
2.761667,59.778643
2.771667,59.777507
2.781667,59.776369
2.791667,59.775230
2.801667,59.774089
2.811667,59.772948
2.821667,59.771807
2.831667,59.770666
2.841667,59.769526
2.851667,59.768387
2.861667,59.767249
2.871667,59.766114
2.881667,59.764980
2.891667,59.763849
2.901667,59.762722
2.911667,59.761598
2.921667,59.760478
2.931667,59.759362
2.941667,59.758250
2.951667,59.757144
2.961667,59.756043
2.971667,59.754948
2.981667,59.753859
2.991667,59.752777
3.001667,59.751701
3.011667,59.750632
3.021667,59.749571
3.031667,59.748518
3.041667,59.747472
3.051667,59.746435
3.061667,59.745406
3.071667,59.744386
3.081667,59.743375
3.091667,59.742374
3.101667,59.741382
3.111667,59.740400
3.121667,59.739427
3.131667,59.738465
3.141667,59.737513
3.151667,59.736571
3.161667,59.735640
3.171667,59.734720
3.181667,59.733810
3.191667,59.732911
3.201667,59.732024
3.211667,59.731147
3.221667,59.730282
3.231667,59.729427
3.241667,59.728584
3.251667,59.727752
3.261667,59.726931
3.271667,59.726121
3.281667,59.725322
3.291667,59.724535
3.301667,59.723758
3.311667,59.722992
3.321667,59.722237
3.331667,59.721493
3.341667,59.720759
3.351667,59.720036
3.361667,59.719323
3.371667,59.718620
3.381667,59.717927
3.391667,59.717243
3.401667,59.716570
3.411667,59.715905
3.421667,59.715250
3.431667,59.714604
3.441667,59.713966
3.451667,59.713337
3.461667,59.712715
3.471667,59.712102
3.481667,59.711496
3.491667,59.710897
3.501667,59.710305
3.511667,59.709720
3.521667,59.709141
3.531667,59.708568
3.541667,59.708001
3.551667,59.707439
3.561667,59.706882
3.571667,59.706329
3.581667,59.705781
3.591667,59.705237
3.601667,59.704696
3.611667,59.704159
3.621667,59.703624
3.631667,59.703092
3.641667,59.702562
3.651667,59.702034
3.661667,59.701508
3.671667,59.700983
3.681667,59.700458
3.691667,59.699934
3.701667,59.699410
3.711667,59.698886
3.721667,59.698361
3.731667,59.697835
3.741667,59.697308
3.751667,59.696780
3.761667,59.696250
3.771667,59.695718
3.781667,59.695183
3.791667,59.694646
3.801667,59.694106
3.811667,59.693563
3.821667,59.693017
3.831667,59.692467
3.841667,59.691913
3.851667,59.691355
3.861667,59.690793
3.871667,59.690226
3.881667,59.689655
3.891667,59.689079
3.901667,59.688498
3.911667,59.687912
3.921667,59.687320
3.931667,59.686724
3.941667,59.686122
3.951667,59.685514
3.961667,59.684901
3.971667,59.684282
3.981667,59.683657
3.991667,59.683027
4.001667,59.682391
4.011667,59.681749
4.021667,59.681101
4.031667,59.680447
4.041667,59.679788
4.051667,59.679122
4.061667,59.678451
4.071667,59.677775
4.081667,59.677092
4.091667,59.676404
4.101667,59.675710
4.111667,59.675011
4.121667,59.674307
4.131667,59.673598
4.141667,59.672883
4.151667,59.672164
4.161667,59.671439
4.171667,59.670710
4.181667,59.669977
4.191667,59.669239
4.201667,59.668497
4.211667,59.667751
4.221667,59.667001
4.231667,59.666247
4.241667,59.665490
4.251667,59.664730
4.261667,59.663966
4.271667,59.663200
4.281667,59.662431
4.291667,59.661660
4.301667,59.660887
4.311667,59.660111
4.321667,59.659334
4.331667,59.658555
4.341667,59.657775
4.351667,59.656994
4.361667,59.656212
4.371667,59.655430
4.381667,59.654647
4.391667,59.653864
4.401667,59.653081
4.411667,59.652298
4.421667,59.651516
4.431667,59.650735
4.441667,59.649955
4.451667,59.649176
4.461667,59.648399
4.471667,59.647623
4.481667,59.646850
4.491667,59.646078
4.501667,59.645309
4.511667,59.644543
4.521667,59.643779
4.531667,59.643018
4.541667,59.642261
4.551667,59.641507
4.561667,59.640757
4.571667,59.640010
4.581667,59.639267
4.591667,59.638529
4.601667,59.637795
4.611667,59.637065
4.621667,59.636340
4.631667,59.635620
4.641667,59.634905
4.651667,59.634195
4.661667,59.633490
4.671667,59.632791
4.681667,59.632097
4.691667,59.631409
4.701667,59.630726
4.711667,59.630049
4.721667,59.629379
4.731667,59.628714
4.741667,59.628055
4.751667,59.627403
4.761667,59.626756
4.771667,59.626116
4.781667,59.625483
4.791667,59.624856
4.801667,59.624235
4.811667,59.623620
4.821667,59.623013
4.831667,59.622411
4.841667,59.621816
4.851667,59.621228
4.861667,59.620646
4.871667,59.620071
4.881667,59.619502
4.891667,59.618939
4.901667,59.618383
4.911667,59.617833
4.921667,59.617290
4.931667,59.616753
4.941667,59.616222
4.951667,59.615697
4.961667,59.615178
4.971667,59.614665
4.981667,59.614158
4.991667,59.613657
5.001667,59.613161
5.011667,59.612671
5.021667,59.612186
5.031667,59.611707
5.041667,59.611233
5.051667,59.610764
5.061667,59.610300
5.071667,59.609840
5.081667,59.609386
5.091667,59.608936
5.101667,59.608490
5.111667,59.608048
5.121667,59.607611
5.131667,59.607177
5.141667,59.606747
5.151667,59.606321
5.161667,59.605898
5.171667,59.605479
5.181667,59.605062
5.191667,59.604648
5.201667,59.604237
5.211667,59.603829
5.221667,59.603422
5.231667,59.603018
5.241667,59.602616
5.251667,59.602216
5.261667,59.601817
5.271667,59.601420
5.281667,59.601024
5.291667,59.600629
5.301667,59.600235
5.311667,59.599842
5.321667,59.599449
5.331667,59.599057
5.341667,59.598665
5.351667,59.598273
5.361667,59.597880
5.371667,59.597488
5.381667,59.597095
5.391667,59.596701
5.401667,59.596307
5.411667,59.595911
5.421667,59.595515
5.431667,59.595118
5.441667,59.594719
5.451667,59.594318
5.461667,59.593916
5.471667,59.593512
5.481667,59.593107
5.491667,59.592699
5.501667,59.592290
5.511667,59.591878
5.521667,59.591464
5.531667,59.591047
5.541667,59.590628
5.551667,59.590207
5.561667,59.589783
5.571667,59.589356
5.581667,59.588927
5.591667,59.588495
5.601667,59.588059
5.611667,59.587621
5.621667,59.587180
5.631667,59.586736
5.641667,59.586290
5.651667,59.585840
5.661667,59.585387
5.671667,59.584931
5.681667,59.584472
5.691667,59.584010
5.701667,59.583545
5.711667,59.583076
5.721667,59.582605
5.731667,59.582131
5.741667,59.581654
5.751667,59.581175
5.761667,59.580692
5.771667,59.580207
5.781667,59.579719
5.791667,59.579228
5.801667,59.578734
5.811667,59.578239
5.821667,59.577740
5.831667,59.577240
5.841667,59.576737
5.851667,59.576232
5.861667,59.575725
5.871667,59.575215
5.881667,59.574704
5.891667,59.574192
5.901667,59.573677
5.911667,59.573161
5.921667,59.572644
5.931667,59.572126
5.941667,59.571606
5.951667,59.571085
5.961667,59.570563
5.971667,59.570041
5.981667,59.569518
5.991667,59.568994
6.001667,59.568470
6.011667,59.567946
6.021667,59.567422
6.031667,59.566898
6.041667,59.566374
6.051667,59.565850
6.061667,59.565327
6.071667,59.564805
6.081667,59.564283
6.091667,59.563763
6.101667,59.563243
6.111667,59.562725
6.121667,59.562208
6.131667,59.561692
6.141667,59.561178
6.151667,59.560666
6.161667,59.560156
6.171667,59.559648
6.181667,59.559142
6.191667,59.558638
6.201667,59.558137
6.211667,59.557638
6.221667,59.557142
6.231667,59.556649
6.241667,59.556159
6.251667,59.555672
6.261667,59.555187
6.271667,59.554706
6.281667,59.554229
6.291667,59.553754
6.301667,59.553284
6.311667,59.552816
6.321667,59.552353
6.331667,59.551893
6.341667,59.551437
6.351667,59.550985
6.361667,59.550536
6.371667,59.550092
6.381667,59.549652
6.391667,59.549216
6.401667,59.548784
6.411667,59.548356
6.421667,59.547932
6.431667,59.547513
6.441667,59.547097
6.451667,59.546686
6.461667,59.546279
6.471667,59.545877
6.481667,59.545479
6.491667,59.545085
6.501667,59.544695
6.511667,59.544309
6.521667,59.543928
6.531667,59.543550
6.541667,59.543177
6.551667,59.542808
6.561667,59.542443
6.571667,59.542082
6.581667,59.541725
6.591667,59.541372
6.601667,59.541023
6.611667,59.540677
6.621667,59.540335
6.631667,59.539997
6.641667,59.539663
6.651667,59.539332
6.661667,59.539004
6.671667,59.538680
6.681667,59.538358
6.691667,59.538040
6.701667,59.537725
6.711667,59.537413
6.721667,59.537104
6.731667,59.536798
6.741667,59.536494
6.751667,59.536193
6.761667,59.535894
6.771667,59.535598
6.781667,59.535303
6.791667,59.535011
6.801667,59.534721
6.811667,59.534433
6.821667,59.534147
6.831667,59.533862
6.841667,59.533579
6.851667,59.533297
6.861667,59.533017
6.871667,59.532737
6.881667,59.532459
6.891667,59.532182
6.901667,59.531906
6.911667,59.531630
6.921667,59.531356
6.931667,59.531081
6.941667,59.530808
6.951667,59.530534
6.961667,59.530261
6.971667,59.529988
6.981667,59.529715
6.991667,59.529442
7.001667,59.529169
7.011667,59.528895
7.021667,59.528622
7.031667,59.528348
7.041667,59.528073
7.051667,59.527798
7.061667,59.527522
7.071667,59.527245
7.081667,59.526968
7.091667,59.526690
7.101667,59.526411
7.111667,59.526131
7.121667,59.525850
7.131667,59.525567
7.141667,59.525284
7.151667,59.524999
7.161667,59.524714
7.171667,59.524426
7.181667,59.524138
7.191667,59.523848
7.201667,59.523557
7.211667,59.523264
7.221667,59.522970
7.231667,59.522675
7.241667,59.522378
7.251667,59.522079
7.261667,59.521779
7.271667,59.521478
7.281667,59.521175
7.291667,59.520870
7.301667,59.520564
7.311667,59.520257
7.321667,59.519948
7.331667,59.519637
7.341667,59.519325
7.351667,59.519012
7.361667,59.518697
7.371667,59.518381
7.381667,59.518063
7.391667,59.517744
7.401667,59.517424
7.411667,59.517103
7.421667,59.516780
7.431667,59.516456
7.441667,59.516131
7.451667,59.515805
7.461667,59.515477
7.471667,59.515149
7.481667,59.514820
7.491667,59.514490
7.501667,59.514159
7.511667,59.513827
7.521667,59.513494
7.531667,59.513161
7.541667,59.512827
7.551667,59.512493
7.561667,59.512158
7.571667,59.511823
7.581667,59.511487
7.591667,59.511151
7.601667,59.510815
7.611667,59.510478
7.621667,59.510142
7.631667,59.509805
7.641667,59.509469
7.651667,59.509133
7.661667,59.508797
7.671667,59.508461
7.681667,59.508125
7.691667,59.507790
7.701667,59.507456
7.711667,59.507122
7.721667,59.506788
7.731667,59.506456
7.741667,59.506124
7.751667,59.505793
7.761667,59.505463
7.771667,59.505133
7.781667,59.504805
7.791667,59.504478
7.801667,59.504152
7.811667,59.503828
7.821667,59.503505
7.831667,59.503183
7.841667,59.502862
7.851667,59.502543
7.861667,59.502226
7.871667,59.501910
7.881667,59.501596
7.891667,59.501284
7.901667,59.500973
7.911667,59.500665
7.921667,59.500358
7.931667,59.500053
7.941667,59.499750
7.951667,59.499449
7.961666,59.499151
7.971666,59.498854
7.981666,59.498560
7.991666,59.498267
8.001666,59.497977
8.011666,59.497689
8.021666,59.497404
8.031666,59.497121
8.041666,59.496840
8.051666,59.496561
8.061666,59.496285
8.071666,59.496012
8.081666,59.495740
8.091666,59.495471
8.101666,59.495205
8.111666,59.494941
8.121666,59.494679
8.131666,59.494420
8.141666,59.494164
8.151666,59.493909
8.161666,59.493657
8.171666,59.493408
8.181666,59.493161
8.191666,59.492917
8.201666,59.492674
8.211666,59.492435
8.221666,59.492197
8.231666,59.491962
8.241666,59.491729
8.251666,59.491498
8.261666,59.491270
8.271666,59.491044
8.281666,59.490820
8.291666,59.490598
8.301666,59.490378
8.311666,59.490160
8.321666,59.489944
8.331666,59.489731
8.341666,59.489519
8.351666,59.489309
8.361666,59.489100
8.371666,59.488894
8.381666,59.488689
8.391666,59.488485
8.401666,59.488284
8.411666,59.488084
8.421666,59.487885
8.431666,59.487688
8.441666,59.487491
8.451666,59.487297
8.461666,59.487103
8.471666,59.486911
8.481666,59.486719
8.491666,59.486529
8.501666,59.486340
8.511666,59.486151
8.521666,59.485963
8.531666,59.485776
8.541666,59.485590
8.551666,59.485404
8.561666,59.485219
8.571666,59.485034
8.581666,59.484850
8.591666,59.484666
8.601666,59.484482
8.611666,59.484298
8.621666,59.484115
8.631666,59.483931
8.641666,59.483748
8.651666,59.483565
8.661666,59.483381
8.671666,59.483198
8.681666,59.483014
8.691666,59.482830
8.701666,59.482645
8.711666,59.482461
8.721666,59.482276
8.731666,59.482090
8.741666,59.481904
8.751666,59.481717
8.761666,59.481530
8.771666,59.481342
8.781666,59.481154
8.791666,59.480965
8.801666,59.480775
8.811666,59.480584
8.821666,59.480393
8.831666,59.480201
8.841666,59.480008
8.851666,59.479814
8.861666,59.479619
8.871666,59.479424
8.881666,59.479227
8.891666,59.479030
8.901666,59.478832
8.911666,59.478633
8.921666,59.478433
8.931666,59.478232
8.941666,59.478030
8.951666,59.477827
8.961666,59.477623
8.971666,59.477419
8.981666,59.477213
8.991666,59.477007
9.001666,59.476800
9.011666,59.476592
9.021666,59.476383
9.031666,59.476173
9.041666,59.475963
9.051666,59.475752
9.061666,59.475540
9.071666,59.475327
9.081666,59.475114
9.091666,59.474900
9.101666,59.474686
9.111666,59.474470
9.121666,59.474255
9.131666,59.474039
9.141666,59.473822
9.151666,59.473605
9.161666,59.473388
9.171666,59.473170
9.181666,59.472952
9.191666,59.472733
9.201666,59.472515
9.211666,59.472296
9.221666,59.472077
9.231666,59.471858
9.241666,59.471639
9.251666,59.471419
9.261666,59.471200
9.271666,59.470981
9.281666,59.470762
9.291666,59.470543
9.301666,59.470325
9.311666,59.470107
9.321666,59.469888
9.331666,59.469671
9.341666,59.469453
9.351666,59.469236
9.361666,59.469020
9.371666,59.468804
9.381666,59.468589
9.391666,59.468374
9.401666,59.468160
9.411666,59.467946
9.421666,59.467733
9.431666,59.467521
9.441666,59.467310
9.451666,59.467100
9.461666,59.466890
9.471666,59.466681
9.481666,59.466473
9.491666,59.466267
9.501666,59.466061
9.511666,59.465856
9.521666,59.465652
9.531666,59.465450
9.541666,59.465248
9.551666,59.465048
9.561666,59.464848
9.571666,59.464650
9.581666,59.464453
9.591666,59.464258
9.601666,59.464063
9.611666,59.463870
9.621666,59.463678
9.631666,59.463488
9.641666,59.463299
9.651666,59.463111
9.661666,59.462924
9.671666,59.462739
9.681666,59.462555
9.691666,59.462373
9.701666,59.462192
9.711666,59.462012
9.721666,59.461834
9.731666,59.461657
9.741666,59.461481
9.751666,59.461307
9.761666,59.461135
9.771666,59.460963
9.781666,59.460794
9.791666,59.460625
9.801666,59.460458
9.811666,59.460292
9.821666,59.460128
9.831666,59.459965
9.841666,59.459803
9.851666,59.459643
9.861666,59.459484
9.871666,59.459326
9.881666,59.459170
9.891666,59.459015
9.901666,59.458861
9.911666,59.458708
9.921666,59.458557
9.931666,59.458407
9.941666,59.458258
9.951666,59.458110
9.961666,59.457963
9.971666,59.457818
9.981666,59.457673
9.991666,59.457530
10.001666,59.457388
10.011666,59.457246
10.021666,59.457106
10.031666,59.456966
10.041666,59.456828
10.051666,59.456690
10.061666,59.456554
10.071666,59.456418
10.081666,59.456283
10.091666,59.456148
10.101666,59.456014
10.111666,59.455882
10.121666,59.455749
10.131666,59.455618
10.141666,59.455487
10.151666,59.455356
10.161666,59.455226
10.171666,59.455097
10.181666,59.454968
10.191666,59.454839
10.201666,59.454711
10.211666,59.454583
10.221666,59.454455
10.231666,59.454328
10.241666,59.454201
10.251666,59.454074
10.261666,59.453948
10.271666,59.453821
10.281666,59.453695
10.291666,59.453568
10.301666,59.453442
10.311666,59.453316
10.321666,59.453190
10.331666,59.453063
10.341666,59.452937
10.351666,59.452811
10.361666,59.452684
10.371666,59.452557
10.381666,59.452430
10.391666,59.452303
10.401666,59.452176
10.411666,59.452048
10.421666,59.451920
10.431666,59.451792
10.441666,59.451664
10.451666,59.451535
10.461666,59.451406
10.471666,59.451276
10.481666,59.451146
10.491666,59.451016
10.501666,59.450885
10.511666,59.450754
10.521666,59.450622
10.531666,59.450490
10.541666,59.450357
10.551666,59.450224
10.561666,59.450091
10.571666,59.449957
10.581666,59.449822
10.591666,59.449688
10.601666,59.449552
10.611666,59.449416
10.621666,59.449280
10.631666,59.449143
10.641666,59.449006
10.651666,59.448868
10.661666,59.448730
10.671666,59.448591
10.681666,59.448452
10.691666,59.448312
10.701666,59.448172
10.711666,59.448032
10.721666,59.447891
10.731666,59.447750
10.741666,59.447609
10.751666,59.447467
10.761666,59.447325
10.771666,59.447182
10.781666,59.447039
10.791666,59.446896
10.801666,59.446753
10.811666,59.446610
10.821666,59.446466
10.831666,59.446322
10.841666,59.446178
10.851666,59.446034
10.861666,59.445890
10.871666,59.445746
10.881666,59.445601
10.891666,59.445457
10.901666,59.445313
10.911666,59.445168
10.921666,59.445024
10.931666,59.444880
10.941666,59.444736
10.951666,59.444592
10.961666,59.444448
10.971666,59.444305
10.981666,59.444161
10.991666,59.444018
11.001666,59.443876
11.011666,59.443733
11.021666,59.443591
11.031666,59.443449
11.041666,59.443308
11.051666,59.443167
11.061666,59.443026
11.071666,59.442886
11.081666,59.442746
11.091666,59.442607
11.101666,59.442469
11.111666,59.442331
11.121666,59.442193
11.131666,59.442057
11.141666,59.441920
11.151666,59.441785
11.161666,59.441650
11.171666,59.441516
11.181666,59.441382
11.191666,59.441249
11.201666,59.441117
11.211666,59.440986
11.221666,59.440855
11.231666,59.440726
11.241666,59.440596
11.251666,59.440468
11.261666,59.440341
11.271666,59.440214
11.281666,59.440088
11.291666,59.439964
11.301666,59.439839
11.311666,59.439716
11.321666,59.439594
11.331666,59.439472
11.341666,59.439352
11.351666,59.439232
11.361666,59.439113
11.371666,59.438995
11.381666,59.438878
11.391666,59.438761
11.401666,59.438646
11.411666,59.438531
11.421666,59.438418
11.431666,59.438305
11.441666,59.438193
11.451666,59.438082
11.461666,59.437971
11.471666,59.437862
11.481666,59.437753
11.491666,59.437645
11.501666,59.437538
11.511666,59.437432
11.521666,59.437327
11.531666,59.437222
11.541666,59.437118
11.551666,59.437015
11.561666,59.436913
11.571666,59.436811
11.581666,59.436711
11.591666,59.436610
11.601666,59.436511
11.611666,59.436412
11.621666,59.436314
11.631666,59.436217
11.641666,59.436120
11.651666,59.436024
11.661666,59.435928
11.671666,59.435833
11.681666,59.435739
11.691666,59.435645
11.701666,59.435551
11.711666,59.435459
11.721666,59.435366
11.731666,59.435274
11.741666,59.435183
11.751666,59.435092
11.761666,59.435001
11.771666,59.434911
11.781666,59.434822
11.791666,59.434732
11.801666,59.434643
11.811666,59.434555
11.821666,59.434466
11.831666,59.434378
11.841666,59.434290
11.851666,59.434203
11.861666,59.434116
11.871666,59.434029
11.881666,59.433942
11.891666,59.433855
11.901666,59.433769
11.911666,59.433682
11.921666,59.433596
11.931666,59.433510
11.941666,59.433424
11.951666,59.433338
11.961666,59.433252
11.971666,59.433166
11.981666,59.433081
11.991666,59.432995
12.001666,59.432909
12.011666,59.432824
12.021666,59.432738
12.031666,59.432652
12.041666,59.432566
12.051666,59.432480
12.061666,59.432395
12.071666,59.432308
12.081666,59.432222
12.091666,59.432136
12.101666,59.432050
12.111666,59.431963
12.121666,59.431877
12.131666,59.431790
12.141666,59.431703
12.151666,59.431616
12.161666,59.431529
12.171666,59.431442
12.181666,59.431354
12.191666,59.431266
12.201666,59.431179
12.211666,59.431090
12.221666,59.431002
12.231666,59.430914
12.241666,59.430825
12.251666,59.430736
12.261666,59.430647
12.271666,59.430558
12.281666,59.430469
12.291666,59.430379
12.301666,59.430289
12.311666,59.430199
12.321666,59.430109
12.331666,59.430019
12.341666,59.429928
12.351666,59.429837
12.361666,59.429747
12.371666,59.429656
12.381666,59.429564
12.391666,59.429473
12.401666,59.429382
12.411666,59.429290
12.421666,59.429198
12.431666,59.429107
12.441666,59.429015
12.451666,59.428923
12.461666,59.428831
12.471666,59.428739
12.481666,59.428647
12.491666,59.428554
12.501666,59.428462
12.511666,59.428370
12.521666,59.428278
12.531666,59.428186
12.541666,59.428094
12.551666,59.428001
12.561666,59.427909
12.571666,59.427818
12.581666,59.427726
12.591666,59.427634
12.601666,59.427542
12.611666,59.427451
12.621666,59.427360
12.631666,59.427268
12.641666,59.427178
12.651666,59.427087
12.661666,59.426996
12.671666,59.426906
12.681666,59.426816
12.691666,59.426726
12.701666,59.426637
12.711666,59.426548
12.721666,59.426459
12.731666,59.426370
12.741666,59.426282
12.751666,59.426194
12.761666,59.426107
12.771666,59.426020
12.781666,59.425933
12.791666,59.425847
12.801666,59.425761
12.811666,59.425675
12.821666,59.425591
12.831666,59.425506
12.841666,59.425422
12.851666,59.425338
12.861666,59.425255
12.871666,59.425173
12.881666,59.425091
12.891666,59.425009
12.901666,59.424928
12.911666,59.424848
12.921666,59.424768
12.931666,59.424689
12.941666,59.424610
12.951666,59.424532
12.961666,59.424454
12.971666,59.424377
12.981666,59.424300
12.991666,59.424224
13.001666,59.424149
13.011666,59.424074
13.021666,59.424000
13.031666,59.423926
13.041666,59.423853
13.051666,59.423780
13.061666,59.423708
13.071666,59.423637
13.081666,59.423566
13.091666,59.423496
13.101666,59.423426
13.111666,59.423357
13.121666,59.423288
13.131666,59.423220
13.141666,59.423153
13.151666,59.423086
13.161666,59.423020
13.171666,59.422954
13.181666,59.422888
13.191666,59.422823
13.201666,59.422759
13.211666,59.422695
13.221666,59.422632
13.231666,59.422569
13.241666,59.422507
13.251666,59.422445
13.261666,59.422383
13.271666,59.422322
13.281666,59.422261
13.291666,59.422201
13.301666,59.422141
13.311666,59.422082
13.321666,59.422023
13.331666,59.421964
13.341666,59.421906
13.351666,59.421848
13.361666,59.421790
13.371666,59.421733
13.381666,59.421676
13.391666,59.421619
13.401666,59.421563
13.411666,59.421507
13.421666,59.421451
13.431666,59.421396
13.441666,59.421340
13.451666,59.421285
13.461666,59.421231
13.471666,59.421176
13.481666,59.421122
13.491666,59.421067
13.501666,59.421013
13.511666,59.420960
13.521666,59.420906
13.531666,59.420852
13.541666,59.420799
13.551666,59.420746
13.561666,59.420693
13.571666,59.420640
13.581666,59.420587
13.591666,59.420534
13.601666,59.420481
13.611666,59.420429
13.621666,59.420376
13.631666,59.420324
13.641666,59.420271
13.651666,59.420219
13.661666,59.420167
13.671666,59.420114
13.681666,59.420062
13.691666,59.420010
13.701666,59.419957
13.711666,59.419905
13.721666,59.419853
13.731666,59.419801
13.741666,59.419748
13.751666,59.419696
13.761666,59.419644
13.771666,59.419592
13.781666,59.419539
13.791666,59.419487
13.801666,59.419435
13.811666,59.419382
13.821666,59.419330
13.831666,59.419277
13.841666,59.419225
13.851666,59.419172
13.861666,59.419119
13.871666,59.419067
13.881666,59.419014
13.891666,59.418961
13.901666,59.418908
13.911666,59.418856
13.921666,59.418803
13.931666,59.418750
13.941666,59.418697
13.951666,59.418644
13.961666,59.418590
13.971666,59.418537
13.981666,59.418484
13.991666,59.418431
14.001666,59.418378
14.011666,59.418324
14.021666,59.418271
14.031666,59.418218
14.041666,59.418164
14.051666,59.418111
14.061666,59.418058
14.071666,59.418004
14.081666,59.417951
14.091666,59.417898
14.101666,59.417844
14.111666,59.417791
14.121666,59.417738
14.131666,59.417684
14.141666,59.417631
14.151666,59.417578
14.161666,59.417525
14.171666,59.417472
14.181666,59.417419
14.191666,59.417366
14.201666,59.417313
14.211666,59.417260
14.221666,59.417207
14.231666,59.417154
14.241666,59.417102
14.251666,59.417049
14.261666,59.416997
14.271666,59.416945
14.281666,59.416893
14.291666,59.416841
14.301666,59.416789
14.311666,59.416737
14.321666,59.416686
14.331666,59.416635
14.341666,59.416584
14.351666,59.416533
14.361666,59.416482
14.371666,59.416432
14.381666,59.416381
14.391666,59.416331
14.401666,59.416281
14.411666,59.416232
14.421666,59.416183
14.431666,59.416133
14.441666,59.416085
14.451666,59.416036
14.461666,59.415988
14.471666,59.415940
14.481666,59.415892
14.491666,59.415845
14.501666,59.415798
14.511666,59.415751
14.521666,59.415704
14.531666,59.415658
14.541666,59.415612
14.551666,59.415567
14.561666,59.415522
14.571666,59.415477
14.581666,59.415432
14.591666,59.415388
14.601666,59.415345
14.611666,59.415301
14.621666,59.415258
14.631666,59.415215
14.641666,59.415173
14.651666,59.415131
14.661666,59.415089
14.671666,59.415048
14.681666,59.415007
14.691666,59.414967
14.701666,59.414926
14.711666,59.414887
14.721666,59.414847
14.731666,59.414808
14.741666,59.414770
14.751666,59.414731
14.761666,59.414693
14.771666,59.414656
14.781666,59.414618
14.791666,59.414582
14.801666,59.414545
14.811666,59.414509
14.821666,59.414473
14.831666,59.414438
14.841666,59.414402
14.851666,59.414368
14.861666,59.414333
14.871666,59.414299
14.881666,59.414265
14.891666,59.414232
14.901666,59.414198
14.911666,59.414166
14.921666,59.414133
14.931666,59.414101
14.941666,59.414069
14.951666,59.414037
14.961666,59.414005
14.971666,59.413974
14.981666,59.413943
14.991666,59.413913
15.001666,59.413882
15.011666,59.413852
15.021666,59.413822
15.031666,59.413792
15.041666,59.413763
15.051666,59.413733
15.061666,59.413704
15.071666,59.413675
15.081666,59.413646
15.091666,59.413618
15.101666,59.413589
15.111666,59.413561
15.121666,59.413533
15.131666,59.413505
15.141666,59.413477
15.151666,59.413450
15.161666,59.413422
15.171666,59.413395
15.181666,59.413368
15.191666,59.413340
15.201666,59.413313
15.211666,59.413286
15.221666,59.413260
15.231666,59.413233
15.241666,59.413206
15.251666,59.413179
15.261666,59.413153
15.271666,59.413126
15.281666,59.413100
15.291666,59.413073
15.301666,59.413047
15.311666,59.413021
15.321666,59.412995
15.331666,59.412968
15.341666,59.412942
15.351666,59.412916
15.361666,59.412890
15.371666,59.412864
15.381666,59.412838
15.391666,59.412811
15.401666,59.412785
15.411666,59.412759
15.421666,59.412733
15.431666,59.412707
15.441666,59.412681
15.451666,59.412655
15.461666,59.412629
15.471666,59.412603
15.481666,59.412577
15.491666,59.412551
15.501666,59.412525
15.511666,59.412499
15.521666,59.412473
15.531666,59.412447
15.541666,59.412421
15.551666,59.412394
15.561666,59.412368
15.571666,59.412342
15.581666,59.412316
15.591666,59.412290
15.601666,59.412264
15.611666,59.412238
15.621666,59.412212
15.631666,59.412186
15.641666,59.412160
15.651666,59.412134
15.661666,59.412108
15.671666,59.412082
15.681666,59.412056
15.691666,59.412030
15.701666,59.412004
15.711666,59.411978
15.721666,59.411952
15.731666,59.411927
15.741666,59.411901
15.751666,59.411875
15.761666,59.411849
15.771666,59.411824
15.781666,59.411798
15.791666,59.411773
15.801666,59.411747
15.811666,59.411722
15.821666,59.411696
15.831666,59.411671
15.841666,59.411646
15.851666,59.411621
15.861666,59.411596
15.871666,59.411571
15.881666,59.411546
15.891666,59.411521
15.901666,59.411496
15.911666,59.411472
15.921666,59.411447
15.931666,59.411423
15.941666,59.411398
15.951666,59.411374
15.961666,59.411350
15.971666,59.411326
15.981666,59.411303
15.991666,59.411279
16.001666,59.411255
16.011666,59.411232
16.021666,59.411209
16.031666,59.411186
16.041666,59.411163
16.051666,59.411140
16.061666,59.411117
16.071666,59.411095
16.081666,59.411073
16.091666,59.411051
16.101666,59.411029
16.111666,59.411007
16.121666,59.410986
16.131666,59.410964
16.141666,59.410943
16.151666,59.410922
16.161666,59.410901
16.171666,59.410881
16.181666,59.410860
16.191666,59.410840
16.201666,59.410820
16.211666,59.410800
16.221666,59.410781
16.231666,59.410762
16.241666,59.410743
16.251666,59.410724
16.261666,59.410705
16.271666,59.410687
16.281666,59.410668
16.291666,59.410650
16.301666,59.410633
16.311666,59.410615
16.321666,59.410598
16.331666,59.410581
16.341666,59.410564
16.351666,59.410547
16.361666,59.410531
16.371666,59.410515
16.381666,59.410499
16.391666,59.410483
16.401666,59.410467
16.411666,59.410452
16.421666,59.410437
16.431666,59.410422
16.441666,59.410408
16.451666,59.410393
16.461666,59.410379
16.471666,59.410365
16.481666,59.410352
16.491666,59.410338
16.501666,59.410325
16.511666,59.410312
16.521666,59.410299
16.531666,59.410287
16.541666,59.410274
16.551666,59.410262
16.561666,59.410250
16.571666,59.410238
16.581666,59.410227
16.591666,59.410215
16.601666,59.410204
16.611666,59.410193
16.621666,59.410182
16.631666,59.410171
16.641666,59.410161
16.651666,59.410150
16.661666,59.410140
16.671666,59.410130
16.681666,59.410120
16.691666,59.410111
16.701666,59.410101
16.711666,59.410092
16.721666,59.410082
16.731666,59.410073
16.741666,59.410064
16.751666,59.410055
16.761666,59.410047
16.771666,59.410038
16.781666,59.410030
16.791666,59.410021
16.801666,59.410013
16.811666,59.410005
16.821666,59.409997
16.831666,59.409989
16.841666,59.409981
16.851666,59.409973
16.861666,59.409965
16.871666,59.409958
16.881666,59.409950
16.891666,59.409943
16.901666,59.409935
16.911666,59.409928
16.921666,59.409921
16.931666,59.409913
16.941666,59.409906
16.951666,59.409899
16.961666,59.409892
16.971666,59.409885
16.981666,59.409878
16.991666,59.409871
17.001666,59.409864
17.011666,59.409858
17.021666,59.409851
17.031666,59.409844
17.041666,59.409837
17.051666,59.409831
17.061666,59.409824
17.071666,59.409817
17.081666,59.409811
17.091666,59.409804
17.101666,59.409797
17.111666,59.409791
17.121666,59.409784
17.131666,59.409778
17.141666,59.409771
17.151666,59.409765
17.161666,59.409759
17.171666,59.409752
17.181666,59.409746
17.191666,59.409739
17.201666,59.409733
17.211666,59.409727
17.221666,59.409720
17.231666,59.409714
17.241666,59.409708
17.251666,59.409702
17.261666,59.409695
17.271666,59.409689
17.281666,59.409683
17.291666,59.409677
17.301666,59.409671
17.311666,59.409665
17.321666,59.409659
17.331666,59.409653
17.341666,59.409647
17.351666,59.409641
17.361666,59.409635
17.371666,59.409629
17.381666,59.409623
17.391666,59.409617
17.401666,59.409612
17.411666,59.409606
17.421666,59.409600
17.431666,59.409595
17.441666,59.409589
17.451666,59.409584
17.461666,59.409578
17.471666,59.409573
17.481666,59.409568
17.491666,59.409563
17.501666,59.409558
17.511666,59.409553
17.521666,59.409548
17.531666,59.409543
17.541666,59.409538
17.551666,59.409533
17.561666,59.409529
17.571666,59.409524
17.581666,59.409520
17.591666,59.409515
17.601666,59.409511
17.611666,59.409507
17.621666,59.409503
17.631666,59.409499
17.641666,59.409495
17.651666,59.409491
17.661666,59.409488
17.671666,59.409484
17.681666,59.409481
17.691666,59.409477
17.701666,59.409474
17.711666,59.409471
17.721666,59.409468
17.731666,59.409465
17.741666,59.409463
17.751666,59.409460
17.761666,59.409458
17.771666,59.409456
17.781666,59.409453
17.791666,59.409451
17.801666,59.409450
17.811666,59.409448
17.821666,59.409446
17.831666,59.409445
17.841666,59.409443
17.851666,59.409442
17.861666,59.409441
17.871666,59.409440
17.881666,59.409440
17.891666,59.409439
17.901666,59.409439
17.911666,59.409439
17.921666,59.409438
17.931666,59.409438
17.941666,59.409439
17.951666,59.409439
17.961666,59.409440
17.971666,59.409440
17.981666,59.409441
17.991666,59.409442
18.001666,59.409443
18.011666,59.409445
18.021666,59.409446
18.031666,59.409448
18.041666,59.409449
18.051666,59.409451
18.061666,59.409453
18.071666,59.409456
18.081666,59.409458
18.091666,59.409461
18.101666,59.409463
18.111666,59.409466
18.121666,59.409469
18.131666,59.409472
18.141666,59.409476
18.151666,59.409479
18.161666,59.409483
18.171666,59.409486
18.181666,59.409490
18.191666,59.409494
18.201666,59.409499
18.211666,59.409503
18.221666,59.409507
18.231666,59.409512
18.241666,59.409517
18.251666,59.409522
18.261666,59.409527
18.271666,59.409532
18.281666,59.409537
18.291666,59.409542
18.301666,59.409548
18.311666,59.409553
18.321666,59.409559
18.331666,59.409565
18.341666,59.409571
18.351666,59.409577
18.361666,59.409583
18.371666,59.409590
18.381666,59.409596
18.391666,59.409603
18.401666,59.409609
18.411666,59.409616
18.421666,59.409623
18.431666,59.409630
18.441666,59.409637
18.451666,59.409644
18.461666,59.409651
18.471666,59.409659
18.481666,59.409666
18.491666,59.409673
18.501666,59.409681
18.511666,59.409689
18.521666,59.409696
18.531666,59.409704
18.541666,59.409712
18.551666,59.409720
18.561666,59.409728
18.571666,59.409736
18.581666,59.409744
18.591666,59.409752
18.601666,59.409760
18.611666,59.409769
18.621666,59.409777
18.631666,59.409785
18.641666,59.409794
18.651666,59.409802
18.661666,59.409811
18.671666,59.409819
18.681666,59.409828
18.691666,59.409837
18.701666,59.409845
18.711666,59.409854
18.721666,59.409863
18.731666,59.409872
18.741666,59.409881
18.751666,59.409890
18.761666,59.409899
18.771666,59.409908
18.781666,59.409917
18.791666,59.409926
18.801666,59.409935
18.811666,59.409944
18.821666,59.409954
18.831666,59.409963
18.841666,59.409972
18.851666,59.409981
18.861666,59.409991
18.871666,59.410000
18.881666,59.410010
18.891666,59.410019
18.901666,59.410029
18.911666,59.410038
18.921666,59.410048
18.931666,59.410058
18.941666,59.410067
18.951666,59.410077
18.961666,59.410087
18.971666,59.410097
18.981666,59.410106
18.991666,59.410116
19.001666,59.410126
19.011666,59.410136
19.021666,59.410146
19.031666,59.410157
19.041666,59.410167
19.051666,59.410177
19.061666,59.410187
19.071666,59.410198
19.081666,59.410208
19.091666,59.410218
19.101666,59.410229
19.111666,59.410240
19.121666,59.410250
19.131666,59.410261
19.141666,59.410272
19.151666,59.410283
19.161666,59.410293
19.171666,59.410304
19.181666,59.410316
19.191666,59.410327
19.201666,59.410338
19.211666,59.410349
19.221666,59.410360
19.231666,59.410372
19.241666,59.410383
19.251666,59.410395
19.261666,59.410407
19.271666,59.410418
19.281666,59.410430
19.291666,59.410442
19.301666,59.410454
19.311666,59.410466
19.321666,59.410479
19.331666,59.410491
19.341666,59.410503
19.351666,59.410516
19.361666,59.410528
19.371666,59.410541
19.381666,59.410554
19.391666,59.410567
19.401666,59.410580
19.411666,59.410593
19.421666,59.410606
19.431666,59.410619
19.441666,59.410633
19.451666,59.410646
19.461666,59.410660
19.471666,59.410673
19.481666,59.410687
19.491666,59.410701
19.501666,59.410715
19.511666,59.410729
19.521666,59.410744
19.531666,59.410758
19.541666,59.410772
19.551666,59.410787
19.561666,59.410802
19.571666,59.410816
19.581666,59.410831
19.591666,59.410846
19.601666,59.410862
19.611666,59.410877
19.621666,59.410892
19.631666,59.410908
19.641666,59.410923
19.651666,59.410939
19.661666,59.410955
19.671666,59.410971
19.681666,59.410987
19.691666,59.411003
19.701666,59.411019
19.711666,59.411036
19.721666,59.411052
19.731666,59.411069
19.741666,59.411085
19.751666,59.411102
19.761666,59.411119
19.771666,59.411136
19.781666,59.411154
19.791666,59.411171
19.801666,59.411188
19.811666,59.411206
19.821666,59.411223
19.831666,59.411241
19.841666,59.411259
19.851666,59.411277
19.861666,59.411295
19.871666,59.411313
19.881666,59.411331
19.891666,59.411350
19.901666,59.411368
19.911666,59.411386
19.921666,59.411405
19.931666,59.411424
19.941666,59.411443
19.951666,59.411462
19.961666,59.411481
19.971666,59.411500
19.981666,59.411519
19.991666,59.411538
20.001666,59.411558
20.011666,59.411577
20.021666,59.411597
20.031666,59.411616
20.041666,59.411636
20.051666,59.411656
20.061666,59.411676
20.071666,59.411696
20.081666,59.411716
20.091666,59.411736
20.101666,59.411756
20.111666,59.411777
20.121666,59.411797
20.131666,59.411817
20.141666,59.411838
20.151666,59.411858
20.161666,59.411879
20.171666,59.411900
20.181666,59.411921
20.191666,59.411941
20.201666,59.411962
20.211666,59.411983
20.221666,59.412004
20.231666,59.412025
20.241666,59.412047
20.251666,59.412068
20.261666,59.412089
20.271666,59.412110
20.281666,59.412132
20.291666,59.412153
20.301666,59.412175
20.311666,59.412196
20.321666,59.412218
20.331666,59.412239
20.341666,59.412261
20.351666,59.412283
20.361666,59.412305
20.371666,59.412326
20.381666,59.412348
20.391666,59.412370
20.401666,59.412392
20.411666,59.412414
20.421666,59.412436
20.431666,59.412458
20.441666,59.412480
20.451666,59.412502
20.461666,59.412525
20.471666,59.412547
20.481666,59.412569
20.491666,59.412592
20.501666,59.412614
20.511666,59.412636
20.521666,59.412659
20.531666,59.412681
20.541666,59.412704
20.551666,59.412726
20.561666,59.412749
20.571666,59.412772
20.581666,59.412794
20.591666,59.412817
20.601666,59.412840
20.611666,59.412863
20.621666,59.412886
20.631666,59.412909
20.641666,59.412932
20.651666,59.412955
20.661666,59.412978
20.671666,59.413001
20.681666,59.413024
20.691666,59.413047
20.701666,59.413071
20.711666,59.413094
20.721666,59.413117
20.731666,59.413141
20.741666,59.413164
20.751666,59.413188
20.761666,59.413211
20.771666,59.413235
20.781666,59.413259
20.791666,59.413282
20.801666,59.413306
20.811666,59.413330
20.821666,59.413354
20.831666,59.413378
20.841666,59.413402
20.851666,59.413426
20.861666,59.413450
20.871666,59.413475
20.881666,59.413499
20.891666,59.413523
20.901666,59.413548
20.911666,59.413572
20.921666,59.413597
20.931666,59.413621
20.941666,59.413646
20.951666,59.413671
20.961666,59.413696
20.971666,59.413721
20.981666,59.413746
20.991666,59.413771
21.001666,59.413796
21.011666,59.413821
21.021666,59.413846
21.031666,59.413872
21.041666,59.413897
21.051666,59.413923
21.061666,59.413948
21.071666,59.413974
21.081666,59.414000
21.091666,59.414025
21.101666,59.414051
21.111666,59.414077
21.121666,59.414103
21.131666,59.414130
21.141666,59.414156
21.151666,59.414182
21.161666,59.414208
21.171666,59.414235
21.181666,59.414261
21.191666,59.414288
21.201666,59.414315
21.211666,59.414341
21.221666,59.414368
21.231666,59.414395
21.241666,59.414422
21.251666,59.414449
21.261666,59.414477
21.271666,59.414504
21.281666,59.414531
21.291666,59.414559
21.301666,59.414586
21.311666,59.414614
21.321666,59.414641
21.331666,59.414669
21.341666,59.414697
21.351666,59.414725
21.361666,59.414753
21.371666,59.414781
21.381666,59.414809
21.391666,59.414837
21.401666,59.414866
21.411666,59.414894
21.421666,59.414923
21.431666,59.414951
21.441666,59.414980
21.451666,59.415008
21.461666,59.415037
21.471666,59.415066
21.481666,59.415095
21.491666,59.415124
21.501666,59.415153
21.511666,59.415182
21.521666,59.415211
21.531666,59.415241
21.541666,59.415270
21.551666,59.415299
21.561666,59.415329
21.571666,59.415358
21.581666,59.415388
21.591666,59.415418
21.601666,59.415448
21.611666,59.415477
21.621666,59.415507
21.631666,59.415537
21.641666,59.415567
21.651666,59.415597
21.661666,59.415628
21.671666,59.415658
21.681666,59.415688
21.691666,59.415719
21.701666,59.415749
21.711666,59.415779
21.721666,59.415810
21.731666,59.415841
21.741666,59.415871
21.751666,59.415902
21.761666,59.415933
21.771666,59.415964
21.781666,59.415995
21.791666,59.416025
21.801666,59.416056
21.811666,59.416088
21.821666,59.416119
21.831666,59.416150
21.841666,59.416181
21.851666,59.416212
21.861666,59.416244
21.871666,59.416275
21.881666,59.416306
21.891666,59.416338
21.901666,59.416369
21.911666,59.416401
21.921666,59.416433
21.931666,59.416464
21.941666,59.416496
21.951666,59.416528
21.961666,59.416559
21.971666,59.416591
21.981666,59.416623
21.991666,59.416655
22.001666,59.416687
22.011666,59.416719
22.021666,59.416751
22.031666,59.416783
22.041666,59.416815
22.051666,59.416847
22.061666,59.416880
22.071666,59.416912
22.081666,59.416944
22.091666,59.416976
22.101666,59.417009
22.111666,59.417041
22.121666,59.417073
22.131666,59.417106
22.141666,59.417138
22.151666,59.417171
22.161666,59.417203
22.171666,59.417236
22.181666,59.417269
22.191666,59.417301
22.201666,59.417334
22.211666,59.417367
22.221666,59.417399
22.231666,59.417432
22.241666,59.417465
22.251666,59.417498
22.261666,59.417531
22.271666,59.417564
22.281666,59.417597
22.291666,59.417630
22.301666,59.417663
22.311666,59.417696
22.321666,59.417729
22.331666,59.417762
22.341666,59.417795
22.351666,59.417829
22.361666,59.417862
22.371666,59.417895
22.381666,59.417929
22.391666,59.417962
22.401666,59.417995
22.411666,59.418029
22.421666,59.418062
22.431666,59.418096
22.441666,59.418130
22.451666,59.418163
22.461666,59.418197
22.471666,59.418231
22.481666,59.418264
22.491666,59.418298
22.501666,59.418332
22.511666,59.418366
22.521666,59.418400
22.531666,59.418434
22.541666,59.418468
22.551666,59.418502
22.561666,59.418536
22.571666,59.418570
22.581666,59.418605
22.591666,59.418639
22.601666,59.418673
22.611666,59.418708
22.621666,59.418742
22.631666,59.418777
22.641666,59.418811
22.651666,59.418846
22.661666,59.418880
22.671666,59.418915
22.681666,59.418950
22.691666,59.418985
22.701666,59.419019
22.711666,59.419054
22.721666,59.419089
22.731666,59.419124
22.741666,59.419159
22.751666,59.419195
22.761666,59.419230
22.771666,59.419265
22.781666,59.419300
22.791666,59.419336
22.801666,59.419371
22.811666,59.419407
22.821666,59.419442
22.831666,59.419478
22.841666,59.419513
22.851666,59.419549
22.861666,59.419585
22.871666,59.419621
22.881666,59.419656
22.891666,59.419692
22.901666,59.419728
22.911666,59.419764
22.921666,59.419800
22.931666,59.419837
22.941666,59.419873
22.951666,59.419909
22.961666,59.419945
22.971666,59.419982
22.981666,59.420018
22.991666,59.420055
23.001666,59.420091
23.011666,59.420128
23.021666,59.420164
23.031666,59.420201
23.041666,59.420238
23.051666,59.420275
23.061666,59.420312
23.071666,59.420349
23.081666,59.420385
23.091666,59.420423
23.101666,59.420460
23.111666,59.420497
23.121666,59.420534
23.131666,59.420571
23.141666,59.420608
23.151666,59.420646
23.161666,59.420683
23.171666,59.420720
23.181666,59.420758
23.191666,59.420795
23.201666,59.420833
23.211666,59.420871
23.221666,59.420908
23.231666,59.420946
23.241666,59.420984
23.251666,59.421022
23.261666,59.421059
23.271666,59.421097
23.281666,59.421135
23.291666,59.421173
23.301666,59.421211
23.311666,59.421249
23.321666,59.421288
23.331666,59.421326
23.341666,59.421364
23.351666,59.421402
23.361666,59.421440
23.371666,59.421479
23.381666,59.421517
23.391666,59.421556
23.401666,59.421594
23.411666,59.421632
23.421666,59.421671
23.431666,59.421710
23.441666,59.421748
23.451666,59.421787
23.461666,59.421826
23.471666,59.421864
23.481666,59.421903
23.491666,59.421942
23.501666,59.421981
23.511666,59.422020
23.521666,59.422058
23.531666,59.422097
23.541666,59.422136
23.551666,59.422175
23.561666,59.422214
23.571666,59.422254
23.581666,59.422293
23.591666,59.422332
23.601666,59.422371
23.611666,59.422410
23.621666,59.422449
23.631666,59.422489
23.641666,59.422528
23.651666,59.422567
23.661666,59.422607
23.671666,59.422646
23.681666,59.422686
23.691666,59.422725
23.701666,59.422765
23.711666,59.422804
23.721666,59.422844
23.731666,59.422883
23.741666,59.422923
23.751666,59.422963
23.761666,59.423002
23.771666,59.423042
23.781666,59.423082
23.791666,59.423122
23.801666,59.423161
23.811666,59.423201
23.821666,59.423241
23.831666,59.423281
23.841666,59.423321
23.851666,59.423361
23.861666,59.423401
23.871666,59.423441
23.881666,59.423481
23.891666,59.423521
23.901666,59.423561
23.911666,59.423601
23.921666,59.423641
23.931666,59.423681
23.941666,59.423722
23.951666,59.423762
23.961666,59.423802
23.971666,59.423842
23.981666,59.423883
23.991666,59.423923
24.001666,59.423963
24.011666,59.424004
24.021666,59.424044
24.031666,59.424085
24.041666,59.424125
24.051666,59.424166
24.061666,59.424206
24.071666,59.424247
24.081666,59.424287
24.091666,59.424328
24.101666,59.424369
24.111666,59.424409
24.121666,59.424450
24.131666,59.424491
24.141666,59.424531
24.151666,59.424572
24.161666,59.424613
24.171666,59.424654
24.181666,59.424695
24.191666,59.424736
24.201666,59.424777
24.211666,59.424818
24.221666,59.424859
24.231666,59.424900
24.241666,59.424941
24.251666,59.424982
24.261666,59.425023
24.271666,59.425065
24.281666,59.425106
24.291666,59.425147
24.301666,59.425188
24.311666,59.425230
24.321666,59.425271
24.331666,59.425313
24.341666,59.425354
24.351666,59.425396
24.361666,59.425437
24.371666,59.425479
24.381666,59.425520
24.391666,59.425562
24.401666,59.425604
24.411666,59.425645
24.421666,59.425687
24.431666,59.425729
24.441666,59.425771
24.451666,59.425813
24.461666,59.425855
24.471666,59.425897
24.481666,59.425939
24.491666,59.425981
24.501666,59.426023
24.511666,59.426065
24.521666,59.426107
24.531666,59.426149
24.541666,59.426191
24.551666,59.426234
24.561666,59.426276
24.571666,59.426318
24.581666,59.426361
24.591666,59.426403
24.601666,59.426446
24.611666,59.426488
24.621666,59.426531
24.631666,59.426573
24.641666,59.426616
24.651666,59.426659
24.661666,59.426701
24.671666,59.426744
24.681666,59.426787
24.691666,59.426830
24.701666,59.426873
24.711666,59.426916
24.721666,59.426959
24.731666,59.427001
24.741666,59.427045
24.751666,59.427088
24.761666,59.427131
24.771666,59.427174
24.781666,59.427217
24.791666,59.427260
24.801666,59.427303
24.811666,59.427347
24.821666,59.427390
24.831666,59.427433
24.841666,59.427477
24.851666,59.427520
24.861666,59.427564
24.871666,59.427607
24.881666,59.427651
24.891666,59.427694
24.901666,59.427738
24.911666,59.427781
24.921666,59.427825
24.931666,59.427869
24.941666,59.427912
24.951666,59.427956
24.961666,59.428000
24.971666,59.428044
24.981666,59.428087
24.991666,59.428131
25.001666,59.428175
25.011666,59.428219
25.021666,59.428263
25.031666,59.428307
25.041666,59.428351
25.051666,59.428395
25.061666,59.428439
25.071666,59.428483
25.081666,59.428527
25.091666,59.428571
25.101666,59.428616
25.111666,59.428660
25.121666,59.428704
25.131666,59.428748
25.141666,59.428793
25.151666,59.428837
25.161666,59.428881
25.171666,59.428926
25.181666,59.428970
25.191666,59.429014
25.201666,59.429059
25.211666,59.429103
25.221666,59.429148
25.231666,59.429192
25.241666,59.429237
25.251666,59.429281
25.261666,59.429326
25.271666,59.429371
25.281666,59.429415
25.291666,59.429460
25.301666,59.429505
25.311666,59.429549
25.321666,59.429594
25.331666,59.429639
25.341666,59.429684
25.351666,59.429728
25.361666,59.429773
25.371666,59.429818
25.381666,59.429863
25.391666,59.429908
25.401666,59.429953
25.411666,59.429998
25.421666,59.430043
25.431666,59.430088
25.441666,59.430133
25.451666,59.430178
25.461666,59.430223
25.471666,59.430268
25.481666,59.430313
25.491666,59.430358
25.501666,59.430403
25.511666,59.430449
25.521666,59.430494
25.531666,59.430539
25.541666,59.430584
25.551666,59.430630
25.561666,59.430675
25.571666,59.430720
25.581666,59.430766
25.591666,59.430811
25.601666,59.430856
25.611666,59.430902
25.621666,59.430947
25.631666,59.430993
25.641666,59.431038
25.651666,59.431084
25.661666,59.431129
25.671666,59.431175
25.681666,59.431220
25.691666,59.431266
25.701666,59.431312
25.711666,59.431357
25.721666,59.431403
25.731666,59.431449
25.741666,59.431494
25.751666,59.431540
25.761666,59.431586
25.771666,59.431632
25.781666,59.431677
25.791666,59.431723
25.801666,59.431769
25.811666,59.431815
25.821666,59.431861
25.831666,59.431907
25.841666,59.431953
25.851666,59.431999
25.861666,59.432045
25.871666,59.432091
25.881666,59.432137
25.891666,59.432183
25.901666,59.432229
25.911666,59.432275
25.921666,59.432321
25.931666,59.432367
25.941666,59.432414
25.951666,59.432460
25.961666,59.432506
25.971666,59.432552
25.981666,59.432599
25.991666,59.432645
26.001666,59.432691
26.011666,59.432738
26.021666,59.432784
26.031666,59.432831
26.041666,59.432877
26.051666,59.432924
26.061666,59.432970
26.071666,59.433017
26.081666,59.433063
26.091666,59.433110
26.101666,59.433156
26.111666,59.433203
26.121666,59.433250
26.131666,59.433296
26.141666,59.433343
26.151666,59.433390
26.161666,59.433437
26.171666,59.433484
26.181666,59.433530
26.191666,59.433577
26.201666,59.433624
26.211666,59.433671
26.221666,59.433718
26.231666,59.433765
26.241666,59.433812
26.251666,59.433859
26.261666,59.433906
26.271666,59.433953
26.281666,59.434001
26.291666,59.434048
26.301666,59.434095
26.311666,59.434142
26.321666,59.434189
26.331666,59.434237
26.341666,59.434284
26.351666,59.434331
26.361666,59.434379
26.371666,59.434426
26.381666,59.434473
26.391666,59.434521
26.401666,59.434568
26.411666,59.434616
26.421666,59.434663
26.431666,59.434711
26.441666,59.434758
26.451666,59.434806
26.461666,59.434854
26.471666,59.434901
26.481666,59.434949
26.491666,59.434997
26.501666,59.435045
26.511666,59.435092
26.521666,59.435140
26.531666,59.435188
26.541666,59.435236
26.551666,59.435284
26.561666,59.435331
26.571666,59.435379
26.581666,59.435427
26.591666,59.435475
26.601666,59.435523
26.611666,59.435571
26.621666,59.435619
26.631666,59.435667
26.641666,59.435715
26.651666,59.435763
26.661666,59.435812
26.671666,59.435860
26.681666,59.435908
26.691666,59.435956
26.701666,59.436004
26.711666,59.436052
26.721666,59.436101
26.731666,59.436149
26.741666,59.436197
26.751666,59.436246
26.761666,59.436294
26.771666,59.436342
26.781666,59.436391
26.791666,59.436439
26.801666,59.436487
26.811666,59.436536
26.821666,59.436584
26.831666,59.436633
26.841666,59.436681
26.851666,59.436730
26.861666,59.436778
26.871666,59.436827
26.881666,59.436875
26.891666,59.436924
26.901666,59.436973
26.911666,59.437021
26.921666,59.437070
26.931666,59.437118
26.941666,59.437167
26.951666,59.437216
26.961666,59.437265
26.971666,59.437313
26.981666,59.437362
26.991666,59.437411
27.001666,59.437460
27.011666,59.437508
27.021666,59.437557
27.031666,59.437606
27.041666,59.437655
27.051666,59.437704
27.061666,59.437753
27.071666,59.437802
27.081666,59.437850
27.091666,59.437899
27.101666,59.437948
27.111666,59.437997
27.121666,59.438046
27.131666,59.438095
27.141666,59.438144
27.151666,59.438193
27.161666,59.438243
27.171666,59.438292
27.181666,59.438341
27.191666,59.438390
27.201666,59.438439
27.211666,59.438488
27.221666,59.438537
27.231666,59.438586
27.241666,59.438636
27.251666,59.438685
27.261666,59.438734
27.271666,59.438783
27.281666,59.438833
27.291666,59.438882
27.301666,59.438931
27.311666,59.438981
27.321666,59.439030
27.331666,59.439079
27.341666,59.439129
27.351666,59.439178
27.361666,59.439228
27.371666,59.439277
27.381666,59.439327
27.391666,59.439376
27.401666,59.439426
27.411666,59.439475
27.421666,59.439525
27.431666,59.439574
27.441666,59.439624
27.451666,59.439673
27.461666,59.439723
27.471666,59.439773
27.481666,59.439822
27.491666,59.439872
27.501666,59.439921
27.511666,59.439971
27.521666,59.440021
27.531666,59.440071
27.541666,59.440120
27.551666,59.440170
27.561666,59.440220
27.571666,59.440270
27.581666,59.440320
27.591666,59.440369
27.601666,59.440419
27.611666,59.440469
27.621666,59.440519
27.631666,59.440569
27.641666,59.440619
27.651666,59.440669
27.661666,59.440719
27.671666,59.440769
27.681666,59.440819
27.691666,59.440869
27.701666,59.440919
27.711666,59.440969
27.721666,59.441019
27.731666,59.441069
27.741666,59.441119
27.751666,59.441169
27.761666,59.441220
27.771666,59.441270
27.781666,59.441320
27.791666,59.441370
27.801666,59.441420
27.811666,59.441471
27.821666,59.441521
27.831666,59.441571
27.841666,59.441622
27.851666,59.441672
27.861666,59.441722
27.871666,59.441773
27.881666,59.441823
27.891666,59.441873
27.901666,59.441924
27.911666,59.441974
27.921666,59.442025
27.931666,59.442075
27.941666,59.442126
27.951666,59.442176
27.961666,59.442227
27.971666,59.442277
27.981666,59.442328
27.991666,59.442378
28.001666,59.442429
28.011666,59.442480
28.021666,59.442530
28.031666,59.442581
28.041666,59.442632
28.051666,59.442682
28.061666,59.442733
28.071666,59.442784
28.081666,59.442835
28.091666,59.442885
28.101666,59.442936
28.111666,59.442987
28.121666,59.443038
28.131666,59.443089
28.141666,59.443140
28.151666,59.443191
28.161666,59.443241
28.171666,59.443292
28.181666,59.443343
28.191666,59.443394
28.201666,59.443445
28.211666,59.443496
28.221666,59.443547
28.231666,59.443598
28.241666,59.443649
28.251666,59.443700
28.261666,59.443751
28.271666,59.443803
28.281666,59.443854
28.291666,59.443905
28.301666,59.443956
28.311666,59.444007
28.321666,59.444058
28.331666,59.444109
28.341666,59.444161
28.351666,59.444212
28.361666,59.444263
28.371666,59.444314
28.381666,59.444366
28.391666,59.444417
28.401666,59.444468
28.411666,59.444520
28.421666,59.444571
28.431666,59.444622
28.441666,59.444674
28.451666,59.444725
28.461666,59.444776
28.471666,59.444828
28.481666,59.444879
28.491666,59.444930
28.501666,59.444982
28.511666,59.445033
28.521666,59.445085
28.531666,59.445136
28.541666,59.445188
28.551666,59.445239
28.561666,59.445291
28.571666,59.445342
28.581666,59.445394
28.591666,59.445445
28.601666,59.445497
28.611666,59.445548
28.621666,59.445600
28.631666,59.445652
28.641666,59.445703
28.651666,59.445755
28.661666,59.445806
28.671666,59.445858
28.681666,59.445910
28.691666,59.445961
28.701666,59.446013
28.711666,59.446065
28.721666,59.446116
28.731666,59.446168
28.741666,59.446220
28.751666,59.446272
28.761666,59.446323
28.771666,59.446375
28.781666,59.446427
28.791666,59.446479
28.801666,59.446530
28.811666,59.446582
28.821666,59.446634
28.831666,59.446686
28.841666,59.446738
28.851666,59.446790
28.861666,59.446841
28.871666,59.446893
28.881666,59.446945
28.891666,59.446997
28.901666,59.447049
28.911666,59.447101
28.921666,59.447153
28.931666,59.447205
28.941666,59.447257
28.951666,59.447309
28.961666,59.447361
28.971666,59.447413
28.981666,59.447465
28.991666,59.447517
29.001666,59.447569
29.011666,59.447621
29.021666,59.447673
29.031666,59.447725
29.041666,59.447777
29.051666,59.447829
29.061666,59.447881
29.071666,59.447933
29.081666,59.447985
29.091666,59.448037
29.101666,59.448089
29.111666,59.448142
29.121666,59.448194
29.131666,59.448246
29.141666,59.448298
29.151666,59.448350
29.161666,59.448403
29.171666,59.448455
29.181666,59.448507
29.191666,59.448559
29.201666,59.448611
29.211666,59.448664
29.221666,59.448716
29.231666,59.448768
29.241666,59.448821
29.251666,59.448873
29.261666,59.448925
29.271666,59.448978
29.281666,59.449030
29.291666,59.449082
29.301666,59.449135
29.311666,59.449187
29.321666,59.449239
29.331666,59.449292
29.341666,59.449344
29.351666,59.449397
29.361666,59.449449
29.371666,59.449502
29.381666,59.449554
29.391666,59.449606
29.401666,59.449659
29.411666,59.449711
29.421666,59.449764
29.431666,59.449816
29.441666,59.449869
29.451666,59.449921
29.461666,59.449974
29.471666,59.450027
29.481666,59.450079
29.491666,59.450132
29.501666,59.450184
29.511666,59.450237
29.521666,59.450290
29.531666,59.450342
29.541666,59.450395
29.551666,59.450447
29.561666,59.450500
29.571666,59.450553
29.581666,59.450605
29.591666,59.450658
29.601666,59.450711
29.611666,59.450764
29.621666,59.450816
29.631666,59.450869
29.641666,59.450922
29.651666,59.450975
29.661666,59.451027
29.671666,59.451080
29.681666,59.451133
29.691666,59.451186
29.701666,59.451239
29.711666,59.451291
29.721666,59.451344
29.731666,59.451397
29.741666,59.451450
29.751666,59.451503
29.761666,59.451556
29.771666,59.451608
29.781666,59.451661
29.791666,59.451714
29.801666,59.451767
29.811666,59.451820
29.821666,59.451873
29.831666,59.451926
29.841666,59.451979
29.851666,59.452032
29.861666,59.452085
29.871666,59.452138
29.881666,59.452191
29.891666,59.452244
29.901666,59.452297
29.911666,59.452350
29.921666,59.452403
29.931666,59.452456
29.941666,59.452509
29.951666,59.452562
29.961666,59.452615
29.971666,59.452668
29.981666,59.452721
29.991666,59.452774
30.001666,59.452827
30.011666,59.452881
30.021666,59.452934
30.031666,59.452987
30.041666,59.453040
30.051666,59.453093
30.061666,59.453146
30.071666,59.453199
30.081666,59.453253
30.091666,59.453306
30.101666,59.453359
30.111666,59.453412
30.121666,59.453465
30.131666,59.453519
30.141666,59.453572
30.151666,59.453625
30.161666,59.453678
30.171666,59.453731
30.181666,59.453785
30.191666,59.453838
30.201666,59.453891
30.211666,59.453944
30.221666,59.453998
30.231666,59.454051
30.241666,59.454104
30.251666,59.454158
30.261666,59.454211
30.271666,59.454264
30.281666,59.454317
30.291666,59.454371
30.301666,59.454424
30.311666,59.454477
30.321666,59.454531
30.331666,59.454584
30.341666,59.454637
30.351666,59.454691
30.361666,59.454744
30.371666,59.454797
30.381666,59.454851
30.391666,59.454904
30.401666,59.454958
30.411666,59.455011
30.421666,59.455064
30.431666,59.455118
30.441666,59.455171
30.451666,59.455224
30.461666,59.455278
30.471666,59.455331
30.481666,59.455385
30.491666,59.455438
30.501666,59.455492
30.511666,59.455545
30.521666,59.455598
30.531666,59.455652
30.541666,59.455705
30.551666,59.455759
30.561666,59.455812
30.571666,59.455866
30.581666,59.455919
30.591666,59.455973
30.601666,59.456026
30.611666,59.456080
30.621666,59.456133
30.631666,59.456187
30.641666,59.456240
30.651666,59.456294
30.661666,59.456347
30.671666,59.456401
30.681666,59.456454
30.691666,59.456508
30.701666,59.456561
30.711666,59.456615
30.721666,59.456668
30.731666,59.456722
30.741666,59.456776
30.751666,59.456829
30.761666,59.456883
30.771666,59.456936
30.781666,59.456990
30.791666,59.457043
30.801666,59.457097
30.811666,59.457151
30.821666,59.457204
30.831666,59.457258
30.841666,59.457312
30.851666,59.457365
30.861666,59.457419
30.871666,59.457472
30.881666,59.457526
30.891666,59.457580
30.901666,59.457633
30.911666,59.457687
30.921666,59.457741
30.931666,59.457794
30.941666,59.457848
30.951666,59.457902
30.961666,59.457955
30.971666,59.458009
30.981666,59.458063
30.991666,59.458116
31.001666,59.458170
31.011666,59.458224
31.021666,59.458278
31.031666,59.458331
31.041666,59.458385
31.051666,59.458439
31.061666,59.458493
31.071666,59.458546
31.081666,59.458600
31.091666,59.458654
31.101666,59.458708
31.111666,59.458761
31.121666,59.458815
31.131666,59.458869
31.141666,59.458923
31.151666,59.458976
31.161666,59.459030
31.171666,59.459084
31.181666,59.459138
31.191666,59.459192
31.201666,59.459245
31.211666,59.459299
31.221666,59.459353
31.231666,59.459407
31.241666,59.459461
31.251666,59.459514
31.261666,59.459568
31.271666,59.459622
31.281666,59.459676
31.291666,59.459730
31.301666,59.459784
31.311666,59.459838
31.321666,59.459891
31.331666,59.459945
31.341666,59.459999
31.351666,59.460053
31.361666,59.460107
31.371666,59.460161
31.381666,59.460215
31.391666,59.460269
31.401666,59.460322
31.411666,59.460376
31.421666,59.460430
31.431666,59.460484
31.441666,59.460538
31.451666,59.460592
31.461666,59.460646
31.471666,59.460700
31.481666,59.460754
31.491666,59.460808
31.501666,59.460862
31.511666,59.460916
31.521666,59.460970
31.531666,59.461023
31.541666,59.461077
31.551666,59.461131
31.561666,59.461185
31.571666,59.461239
31.581666,59.461293
31.591666,59.461347
31.601666,59.461401
31.611666,59.461455
31.621666,59.461509
31.631666,59.461563
31.641666,59.461617
31.651666,59.461671
31.661666,59.461725
31.671666,59.461779
31.681666,59.461833
31.691666,59.461887
31.701666,59.461941
31.711666,59.461995
31.721666,59.462049
31.731666,59.462103
31.741666,59.462157
31.751666,59.462211
31.761666,59.462265
31.771666,59.462319
31.781666,59.462373
31.791666,59.462427
31.801666,59.462481
31.811666,59.462535
31.821666,59.462589
31.831666,59.462643
31.841666,59.462697
31.851666,59.462751
31.861666,59.462805
31.871666,59.462860
31.881666,59.462914
31.891666,59.462968
31.901666,59.463022
31.911666,59.463076
31.921666,59.463130
31.931666,59.463184
31.941666,59.463238
31.951666,59.463292
31.961666,59.463346
31.971666,59.463400
31.981666,59.463454
31.991666,59.463508
32.001666,59.463562
32.011666,59.463616
32.021666,59.463670
32.031666,59.463724
32.041666,59.463779
32.051666,59.463833
32.061666,59.463887
32.071666,59.463941
32.081666,59.463995
32.091666,59.464049
32.101666,59.464103
32.111666,59.464157
32.121666,59.464211
32.131666,59.464265
32.141666,59.464319
32.151666,59.464373
32.161666,59.464427
32.171666,59.464482
32.181666,59.464536
32.191666,59.464590
32.201666,59.464644
32.211666,59.464698
32.221666,59.464752
32.231666,59.464806
32.241666,59.464860
32.251666,59.464914
32.261666,59.464968
32.271666,59.465022
32.281666,59.465077
32.291666,59.465131
32.301666,59.465185
32.311666,59.465239
32.321666,59.465293
32.331666,59.465347
32.341666,59.465401
32.351666,59.465455
32.361666,59.465509
32.371666,59.465563
32.381666,59.465618
32.391666,59.465672
32.401666,59.465726
32.411666,59.465780
32.421666,59.465834
32.431666,59.465888
32.441666,59.465942
32.451666,59.465996
32.461666,59.466050
32.471666,59.466105
32.481666,59.466159
32.491666,59.466213
32.501666,59.466267
32.511666,59.466321
32.521666,59.466375
32.531666,59.466429
32.541666,59.466483
32.551666,59.466537
32.561666,59.466592
32.571666,59.466646
32.581666,59.466700
32.591666,59.466754
32.601666,59.466808
32.611666,59.466862
32.621666,59.466916
32.631666,59.466970
32.641666,59.467025
32.651666,59.467079
32.661666,59.467133
32.671666,59.467187
32.681666,59.467241
32.691666,59.467295
32.701666,59.467349
32.711666,59.467404
32.721666,59.467458
32.731666,59.467512
32.741666,59.467566
32.751666,59.467620
32.761666,59.467674
32.771666,59.467728
32.781666,59.467782
32.791666,59.467837
32.801666,59.467891
32.811666,59.467945
32.821666,59.467999
32.831666,59.468053
32.841666,59.468107
32.851666,59.468161
32.861666,59.468215
32.871666,59.468269
32.881666,59.468324
32.891666,59.468378
32.901666,59.468432
32.911666,59.468486
32.921666,59.468540
32.931666,59.468594
32.941666,59.468648
32.951666,59.468702
32.961666,59.468756
32.971666,59.468810
32.981666,59.468865
32.991666,59.468919
33.001666,59.468973
33.011666,59.469027
33.021666,59.469081
33.031666,59.469135
33.041666,59.469189
33.051666,59.469243
33.061666,59.469297
33.071666,59.469351
33.081666,59.469405
33.091666,59.469459
33.101666,59.469513
33.111666,59.469567
33.121666,59.469621
33.131666,59.469675
33.141666,59.469729
33.151666,59.469783
33.161666,59.469837
33.171666,59.469891
33.181666,59.469945
33.191666,59.469999
33.201666,59.470053
33.211666,59.470107
33.221666,59.470161
33.231666,59.470215
33.241666,59.470269
33.251666,59.470323
33.261666,59.470377
33.271666,59.470431
33.281666,59.470485
33.291666,59.470539
33.301666,59.470593
33.311666,59.470646
33.321666,59.470700
33.331666,59.470754
33.341666,59.470808
33.351666,59.470862
33.361666,59.470916
33.371666,59.470970
33.381666,59.471024
33.391666,59.471077
33.401666,59.471131
33.411666,59.471185
33.421666,59.471239
33.431666,59.471293
33.441666,59.471346
33.451666,59.471400
33.461666,59.471454
33.471666,59.471508
33.481666,59.471562
33.491666,59.471615
33.501666,59.471669
33.511666,59.471723
33.521666,59.471777
33.531666,59.471830
33.541666,59.471884
33.551666,59.471938
33.561666,59.471991
33.571666,59.472045
33.581666,59.472099
33.591666,59.472152
33.601666,59.472206
33.611666,59.472260
33.621666,59.472313
33.631666,59.472367
33.641666,59.472421
33.651666,59.472474
33.661666,59.472528
33.671666,59.472581
33.681666,59.472635
33.691666,59.472689
33.701666,59.472742
33.711666,59.472796
33.721666,59.472849
33.731666,59.472903
33.741666,59.472956
33.751666,59.473010
33.761666,59.473063
33.771666,59.473117
33.781666,59.473170
33.791666,59.473224
33.801666,59.473277
33.811666,59.473331
33.821666,59.473384
33.831666,59.473438
33.841666,59.473491
33.851666,59.473544
33.861666,59.473598
33.871666,59.473651
33.881666,59.473704
33.891666,59.473758
33.901666,59.473811
33.911666,59.473865
33.921666,59.473918
33.931666,59.473971
33.941666,59.474024
33.951666,59.474078
33.961666,59.474131
33.971666,59.474184
33.981666,59.474238
33.991666,59.474291
34.001666,59.474344
34.011666,59.474397
34.021666,59.474450
34.031666,59.474504
34.041666,59.474557
34.051666,59.474610
34.061666,59.474663
34.071666,59.474716
34.081666,59.474769
34.091666,59.474822
34.101666,59.474876
34.111666,59.474929
34.121666,59.474982
34.131666,59.475035
34.141666,59.475088
34.151666,59.475141
34.161666,59.475194
34.171666,59.475247
34.181666,59.475300
34.191666,59.475353
34.201666,59.475406
34.211666,59.475459
34.221666,59.475512
34.231666,59.475565
34.241666,59.475618
34.251666,59.475670
34.261666,59.475723
34.271666,59.475776
34.281666,59.475829
34.291666,59.475882
34.301666,59.475935
34.311666,59.475987
34.321666,59.476040
34.331666,59.476093
34.341666,59.476146
34.351666,59.476199
34.361666,59.476251
34.371666,59.476304
34.381666,59.476357
34.391666,59.476409
34.401666,59.476462
34.411666,59.476515
34.421666,59.476567
34.431666,59.476620
34.441666,59.476672
34.451666,59.476725
34.461666,59.476778
34.471666,59.476830
34.481666,59.476883
34.491666,59.476935
34.501666,59.476988
34.511666,59.477040
34.521666,59.477093
34.531666,59.477145
34.541666,59.477197
34.551666,59.477250
34.561666,59.477302
34.571666,59.477355
34.581666,59.477407
34.591666,59.477459
34.601666,59.477512
34.611666,59.477564
34.621666,59.477616
34.631666,59.477668
34.641666,59.477721
34.651666,59.477773
34.661666,59.477825
34.671666,59.477877
34.681666,59.477929
34.691666,59.477982
34.701666,59.478034
34.711666,59.478086
34.721666,59.478138
34.731666,59.478190
34.741666,59.478242
34.751666,59.478294
34.761666,59.478346
34.771666,59.478398
34.781666,59.478450
34.791666,59.478502
34.801666,59.478554
34.811666,59.478606
34.821666,59.478658
34.831666,59.478709
34.841666,59.478761
34.851666,59.478813
34.861666,59.478865
34.871666,59.478917
34.881666,59.478968
34.891666,59.479020
34.901666,59.479072
34.911666,59.479124
34.921666,59.479175
34.931666,59.479227
34.941666,59.479279
34.951666,59.479330
34.961666,59.479382
34.971666,59.479433
34.981666,59.479485
34.991666,59.479536
35.001666,59.479588
35.011666,59.479639
35.021666,59.479691
35.031666,59.479742
35.041666,59.479794
35.051666,59.479845
35.061666,59.479896
35.071666,59.479948
35.081666,59.479999
35.091666,59.480050
35.101666,59.480102
35.111666,59.480153
35.121666,59.480204
35.131666,59.480255
35.141666,59.480307
35.151666,59.480358
35.161666,59.480409
35.171666,59.480460
35.181666,59.480511
35.191666,59.480562
35.201666,59.480613
35.211666,59.480664
35.221666,59.480715
35.231666,59.480766
35.241666,59.480817
35.251666,59.480868
35.261666,59.480919
35.271666,59.480970
35.281666,59.481021
35.291666,59.481072
35.301666,59.481123
35.311666,59.481174
35.321666,59.481224
35.331666,59.481275
35.341666,59.481326
35.351666,59.481377
35.361666,59.481427
35.371666,59.481478
35.381666,59.481529
35.391666,59.481579
35.401666,59.481630
35.411666,59.481680
35.421666,59.481731
35.431666,59.481782
35.441666,59.481832
35.451666,59.481883
35.461666,59.481933
35.471666,59.481984
35.481666,59.482034
35.491666,59.482084
35.501666,59.482135
35.511666,59.482185
35.521666,59.482236
35.531666,59.482286
35.541666,59.482336
35.551666,59.482386
35.561666,59.482437
35.571666,59.482487
35.581666,59.482537
35.591666,59.482587
35.601666,59.482638
35.611666,59.482688
35.621666,59.482738
35.631666,59.482788
35.641666,59.482838
35.651666,59.482888
35.661666,59.482938
35.671666,59.482988
35.681666,59.483038
35.691666,59.483088
35.701666,59.483138
35.711666,59.483188
35.721666,59.483238
35.731666,59.483288
35.741666,59.483338
35.751666,59.483387
35.761666,59.483437
35.771666,59.483487
35.781666,59.483537
35.791666,59.483586
35.801666,59.483636
35.811666,59.483686
35.821666,59.483735
35.831666,59.483785
35.841666,59.483835
35.851666,59.483884
35.861666,59.483934
35.871666,59.483983
35.881666,59.484033
35.891666,59.484083
35.901666,59.484132
35.911666,59.484181
35.921666,59.484231
35.931666,59.484280
35.941666,59.484330
35.951666,59.484379
35.961666,59.484428
35.971666,59.484478
35.981666,59.484527
35.991666,59.484576
36.001666,59.484626
36.011666,59.484675
36.021666,59.484724
36.031666,59.484773
36.041666,59.484822
36.051666,59.484871
36.061666,59.484921
36.071666,59.484970
36.081666,59.485019
36.091666,59.485068
36.101666,59.485117
36.111666,59.485166
36.121666,59.485215
36.131666,59.485264
36.141666,59.485313
36.151666,59.485361
36.161666,59.485410
36.171666,59.485459
36.181666,59.485508
36.191666,59.485557
36.201666,59.485606
36.211666,59.485654
36.221666,59.485703
36.231666,59.485752
36.241666,59.485800
36.251666,59.485849
36.261666,59.485898
36.271666,59.485946
36.281666,59.485995
36.291666,59.486043
36.301666,59.486092
36.311666,59.486140
36.321666,59.486189
36.331666,59.486237
36.341666,59.486286
36.351666,59.486334
36.361666,59.486383
36.371666,59.486431
36.381666,59.486479
36.391666,59.486528
36.401666,59.486576
36.411666,59.486624
36.421666,59.486672
36.431666,59.486721
36.441666,59.486769
36.451666,59.486817
36.461666,59.486865
36.471666,59.486913
36.481666,59.486961
36.491666,59.487009
36.501666,59.487057
36.511666,59.487106
36.521666,59.487154
36.531666,59.487201
36.541666,59.487249
36.551666,59.487297
36.561666,59.487345
36.571666,59.487393
36.581666,59.487441
36.591666,59.487489
36.601666,59.487537
36.611666,59.487584
36.621666,59.487632
36.631666,59.487680
36.641666,59.487727
36.651666,59.487775
36.661666,59.487823
36.671666,59.487870
36.681666,59.487918
36.691666,59.487966
36.701666,59.488013
36.711666,59.488061
36.721666,59.488108
36.731666,59.488156
36.741666,59.488203
36.751666,59.488251
36.761666,59.488298
36.771666,59.488345
36.781666,59.488393
36.791666,59.488440
36.801666,59.488487
36.811666,59.488535
36.821666,59.488582
36.831666,59.488629
36.841666,59.488676
36.851666,59.488723
36.861666,59.488771
36.871666,59.488818
36.881666,59.488865
36.891666,59.488912
36.901666,59.488959
36.911666,59.489006
36.921666,59.489053
36.931666,59.489100
36.941666,59.489147
36.951666,59.489194
36.961666,59.489241
36.971666,59.489288
36.981666,59.489335
36.991666,59.489381
37.001666,59.489428
37.011666,59.489475
37.021666,59.489522
37.031666,59.489569
37.041666,59.489615
37.051666,59.489662
37.061666,59.489709
37.071666,59.489755
37.081666,59.489802
37.091666,59.489849
37.101666,59.489895
37.111666,59.489942
37.121666,59.489988
37.131666,59.490035
37.141666,59.490081
37.151666,59.490128
37.161666,59.490174
37.171666,59.490220
37.181666,59.490267
37.191666,59.490313
37.201666,59.490360
37.211666,59.490406
37.221666,59.490452
37.231666,59.490498
37.241666,59.490545
37.251666,59.490591
37.261666,59.490637
37.271666,59.490683
37.281666,59.490729
37.291666,59.490776
37.301666,59.490822
37.311666,59.490868
37.321666,59.490914
37.331666,59.490960
37.341666,59.491006
37.351666,59.491052
37.361666,59.491098
37.371666,59.491144
37.381666,59.491190
37.391666,59.491236
37.401666,59.491281
37.411666,59.491327
37.421666,59.491373
37.431666,59.491419
37.441666,59.491465
37.451666,59.491510
37.461666,59.491556
37.471666,59.491602
37.481666,59.491648
37.491666,59.491693
37.501666,59.491739
37.511666,59.491784
37.521666,59.491830
37.531666,59.491876
37.541666,59.491921
37.551666,59.491967
37.561666,59.492012
37.571666,59.492058
37.581666,59.492103
37.591666,59.492149
37.601666,59.492194
37.611666,59.492239
37.621666,59.492285
37.631666,59.492330
37.641666,59.492375
37.651666,59.492421
37.661666,59.492466
37.671666,59.492511
37.681666,59.492556
37.691666,59.492602
37.701666,59.492647
37.711666,59.492692
37.721666,59.492737
37.731666,59.492782
37.741666,59.492827
37.751666,59.492872
37.761666,59.492917
37.771666,59.492962
37.781666,59.493007
37.791666,59.493052
37.801666,59.493097
37.811666,59.493142
37.821666,59.493187
37.831666,59.493232
37.841666,59.493277
37.851666,59.493322
37.861666,59.493366
37.871666,59.493411
37.881666,59.493456
37.891666,59.493501
37.901666,59.493545
37.911666,59.493590
37.921666,59.493635
37.931666,59.493679
37.941666,59.493724
37.951666,59.493769
37.961666,59.493813
37.971666,59.493858
37.981666,59.493902
37.991666,59.493947
38.001666,59.493991
38.011666,59.494036
38.021666,59.494080
38.031666,59.494124
38.041666,59.494169
38.051666,59.494213
38.061666,59.494258
38.071666,59.494302
38.081666,59.494346
38.091666,59.494390
38.101666,59.494435
38.111666,59.494479
38.121666,59.494523
38.131666,59.494567
38.141666,59.494611
38.151666,59.494656
38.161666,59.494700
38.171666,59.494744
38.181666,59.494788
38.191666,59.494832
38.201666,59.494876
38.211666,59.494920
38.221666,59.494964
38.231666,59.495008
38.241666,59.495052
38.251666,59.495096
38.261666,59.495140
38.271666,59.495183
38.281666,59.495227
38.291666,59.495271
38.301666,59.495315
38.311666,59.495359
38.321666,59.495402
38.331666,59.495446
38.341666,59.495490
38.351666,59.495534
38.361666,59.495577
38.371666,59.495621
38.381666,59.495664
38.391666,59.495708
38.401666,59.495752
38.411666,59.495795
38.421666,59.495839
38.431666,59.495882
38.441666,59.495926
38.451666,59.495969
38.461666,59.496013
38.471666,59.496056
38.481666,59.496099
38.491666,59.496143
38.501666,59.496186
38.511666,59.496229
38.521666,59.496273
38.531666,59.496316
38.541666,59.496359
38.551666,59.496402
38.561666,59.496446
38.571666,59.496489
38.581666,59.496532
38.591666,59.496575
38.601666,59.496618
38.611666,59.496661
38.621666,59.496704
38.631666,59.496748
38.641666,59.496791
38.651666,59.496834
38.661666,59.496877
38.671666,59.496920
38.681666,59.496963
38.691666,59.497005
38.701666,59.497048
38.711666,59.497091
38.721666,59.497134
38.731666,59.497177
38.741666,59.497220
38.751666,59.497263
38.761666,59.497305
38.771666,59.497348
38.781666,59.497391
38.791666,59.497434
38.801666,59.497476
38.811666,59.497519
38.821666,59.497562
38.831666,59.497604
38.841666,59.497647
38.851666,59.497689
38.861666,59.497732
38.871666,59.497775
38.881666,59.497817
38.891666,59.497860
38.901666,59.497902
38.911666,59.497944
38.921666,59.497987
38.931666,59.498029
38.941666,59.498072
38.951666,59.498114
38.961666,59.498156
38.971666,59.498199
38.981666,59.498241
38.991666,59.498283
39.001666,59.498326
39.011666,59.498368
39.021666,59.498410
39.031666,59.498452
39.041666,59.498495
39.051666,59.498537
39.061666,59.498579
39.071666,59.498621
39.081666,59.498663
39.091666,59.498705
39.101666,59.498747
39.111666,59.498789
39.121666,59.498831
39.131666,59.498873
39.141666,59.498915
39.151666,59.498957
39.161666,59.498999
39.171666,59.499041
39.181666,59.499083
39.191666,59.499125
39.201666,59.499167
39.211666,59.499209
39.221666,59.499250
39.231666,59.499292
39.241666,59.499334
39.251666,59.499376
39.261666,59.499417
39.271666,59.499459
39.281666,59.499501
39.291666,59.499543
39.301666,59.499584
39.311666,59.499626
39.321666,59.499667
39.331666,59.499709
39.341666,59.499751
39.351666,59.499792
39.361666,59.499834
39.371666,59.499875
39.381666,59.499917
39.391666,59.499958
39.401666,59.500000
39.411666,59.500041
39.421666,59.500082
39.431666,59.500124
39.441666,59.500165
39.451666,59.500206
39.461666,59.500248
39.471666,59.500289
39.481666,59.500330
39.491666,59.500372
39.501666,59.500413
39.511666,59.500454
39.521666,59.500495
39.531666,59.500536
39.541666,59.500578
39.551666,59.500619
39.561666,59.500660
39.571666,59.500701
39.581666,59.500742
39.591666,59.500783
39.601666,59.500824
39.611666,59.500865
39.621666,59.500906
39.631666,59.500947
39.641666,59.500988
39.651666,59.501029
39.661666,59.501070
39.671666,59.501111
39.681666,59.501152
39.691666,59.501193
39.701666,59.501234
39.711666,59.501274
39.721666,59.501315
39.731666,59.501356
39.741666,59.501397
39.751666,59.501437
39.761666,59.501478
39.771666,59.501519
39.781666,59.501560
39.791666,59.501600
39.801666,59.501641
39.811666,59.501682
39.821666,59.501722
39.831666,59.501763
39.841666,59.501803
39.851666,59.501844
39.861666,59.501884
39.871666,59.501925
39.881666,59.501965
39.891666,59.502006
39.901666,59.502046
39.911666,59.502087
39.921666,59.502127
39.931666,59.502168
39.941666,59.502208
39.951666,59.502248
39.961666,59.502289
39.971666,59.502329
39.981666,59.502369
39.991666,59.502409
40.001666,59.502450
40.011666,59.502490
40.021666,59.502530
40.031666,59.502570
40.041666,59.502611
40.051666,59.502651
40.061666,59.502691
40.071666,59.502731
40.081666,59.502771
40.091666,59.502811
40.101666,59.502851
40.111666,59.502891
40.121666,59.502931
40.131666,59.502971
40.141666,59.503011
40.151666,59.503051
40.161666,59.503091
40.171666,59.503131
40.181666,59.503171
40.191666,59.503211
40.201666,59.503251
40.211666,59.503291
40.221666,59.503330
40.231666,59.503370
40.241666,59.503410
40.251666,59.503450
40.261666,59.503490
40.271666,59.503529
40.281666,59.503569
40.291666,59.503609
40.301666,59.503648
40.311666,59.503688
40.321666,59.503728
40.331666,59.503767
40.341666,59.503807
40.351666,59.503847
40.361666,59.503886
40.371666,59.503926
40.381666,59.503965
40.391666,59.504005
40.401666,59.504044
40.411666,59.504084
40.421666,59.504123
40.431666,59.504163
40.441666,59.504202
40.451666,59.504241
40.461666,59.504281
40.471666,59.504320
40.481666,59.504360
40.491666,59.504399
40.501666,59.504438
40.511666,59.504477
40.521666,59.504517
40.531666,59.504556
40.541666,59.504595
40.551666,59.504634
40.561666,59.504674
40.571666,59.504713
40.581666,59.504752
40.591666,59.504791
40.601666,59.504830
40.611666,59.504869
40.621666,59.504908
40.631666,59.504948
40.641666,59.504987
40.651666,59.505026
40.661666,59.505065
40.671666,59.505104
40.681666,59.505143
40.691666,59.505182
40.701666,59.505221
40.711666,59.505260
40.721666,59.505298
40.731666,59.505337
40.741666,59.505376
40.751666,59.505415
40.761666,59.505454
40.771666,59.505493
40.781666,59.505532
40.791666,59.505570
40.801666,59.505609
40.811666,59.505648
40.821666,59.505687
40.831666,59.505725
40.841666,59.505764
40.851666,59.505803
40.861666,59.505841
40.871666,59.505880
40.881666,59.505919
40.891666,59.505957
40.901666,59.505996
40.911666,59.506035
40.921666,59.506073
40.931666,59.506112
40.941666,59.506150
40.951666,59.506189
40.961666,59.506227
40.971666,59.506266
40.981666,59.506304
40.991666,59.506343
41.001666,59.506381
41.011666,59.506419
41.021666,59.506458
41.031666,59.506496
41.041666,59.506534
41.051666,59.506573
41.061666,59.506611
41.071666,59.506649
41.081666,59.506688
41.091666,59.506726
41.101666,59.506764
41.111666,59.506802
41.121666,59.506841
41.131666,59.506879
41.141666,59.506917
41.151666,59.506955
41.161666,59.506993
41.171666,59.507032
41.181666,59.507070
41.191666,59.507108
41.201666,59.507146
41.211666,59.507184
41.221666,59.507222
41.231666,59.507260
41.241666,59.507298
41.251666,59.507336
41.261666,59.507374
41.271666,59.507412
41.281666,59.507450
41.291666,59.507488
41.301666,59.507526
41.311666,59.507564
41.321666,59.507601
41.331666,59.507639
41.341666,59.507677
41.351666,59.507715
41.361666,59.507753
41.371666,59.507791
41.381666,59.507828
41.391666,59.507866
41.401666,59.507904
41.411666,59.507942
41.421666,59.507979
41.431666,59.508017
41.441666,59.508055
41.451666,59.508092
41.461666,59.508130
41.471666,59.508167
41.481666,59.508205
41.491666,59.508243
41.501666,59.508280
41.511666,59.508318
41.521666,59.508355
41.531666,59.508393
41.541666,59.508430
41.551666,59.508468
41.561666,59.508505
41.571666,59.508543
41.581666,59.508580
41.591666,59.508618
41.601666,59.508655
41.611666,59.508692
41.621666,59.508730
41.631666,59.508767
41.641666,59.508804
41.651666,59.508842
41.661666,59.508879
41.671666,59.508916
41.681666,59.508954
41.691666,59.508991
41.701666,59.509028
41.711666,59.509065
41.721666,59.509103
41.731666,59.509140
41.741666,59.509177
41.751666,59.509214
41.761666,59.509251
41.771666,59.509288
41.781666,59.509326
41.791666,59.509363
41.801666,59.509400
41.811666,59.509437
41.821666,59.509474
41.831666,59.509511
41.841666,59.509548
41.851666,59.509585
41.861666,59.509622
41.871666,59.509659
41.881666,59.509696
41.891666,59.509733
41.901666,59.509770
41.911666,59.509806
41.921666,59.509843
41.931666,59.509880
41.941666,59.509917
41.951666,59.509954
41.961666,59.509991
41.971666,59.510028
41.981666,59.510064
41.991666,59.510101
42.001666,59.510138
42.011666,59.510175
42.021666,59.510211
42.031666,59.510248
42.041666,59.510285
42.051666,59.510321
42.061666,59.510358
42.071666,59.510395
42.081666,59.510431
42.091666,59.510468
42.101666,59.510505
42.111666,59.510541
42.121666,59.510578
42.131666,59.510614
42.141666,59.510651
42.151666,59.510687
42.161666,59.510724
42.171666,59.510760
42.181666,59.510797
42.191666,59.510833
42.201666,59.510870
42.211666,59.510906
42.221666,59.510942
42.231666,59.510979
42.241666,59.511015
42.251666,59.511052
42.261666,59.511088
42.271666,59.511124
42.281666,59.511161
42.291666,59.511197
42.301666,59.511233
42.311666,59.511269
42.321666,59.511306
42.331666,59.511342
42.341666,59.511378
42.351666,59.511414
42.361666,59.511451
42.371666,59.511487
42.381666,59.511523
42.391666,59.511559
42.401666,59.511595
42.411666,59.511631
42.421666,59.511667
42.431666,59.511704
42.441666,59.511740
42.451666,59.511776
42.461666,59.511812
42.471666,59.511848
42.481666,59.511884
42.491666,59.511920
42.501666,59.511956
42.511666,59.511992
42.521666,59.512028
42.531666,59.512064
42.541666,59.512100
42.551666,59.512135
42.561666,59.512171
42.571666,59.512207
42.581666,59.512243
42.591666,59.512279
42.601666,59.512315
42.611666,59.512351
42.621666,59.512386
42.631666,59.512422
42.641666,59.512458
42.651666,59.512494
42.661666,59.512529
42.671666,59.512565
42.681666,59.512601
42.691666,59.512637
42.701666,59.512672
42.711666,59.512708
42.721666,59.512744
42.731666,59.512779
42.741666,59.512815
42.751666,59.512850
42.761666,59.512886
42.771666,59.512922
42.781666,59.512957
42.791666,59.512993
42.801666,59.513028
42.811666,59.513064
42.821666,59.513099
42.831666,59.513135
42.841666,59.513170
42.851666,59.513206
42.861666,59.513241
42.871666,59.513277
42.881666,59.513312
42.891666,59.513347
42.901666,59.513383
42.911666,59.513418
42.921666,59.513454
42.931666,59.513489
42.941666,59.513524
42.951666,59.513560
42.961666,59.513595
42.971666,59.513630
42.981666,59.513665
42.991666,59.513701
43.001666,59.513736
43.011666,59.513771
43.021666,59.513806
43.031666,59.513842
43.041666,59.513877
43.051666,59.513912
43.061666,59.513947
43.071666,59.513982
43.081666,59.514017
43.091666,59.514052
43.101666,59.514088
43.111666,59.514123
43.121666,59.514158
43.131666,59.514193
43.141666,59.514228
43.151666,59.514263
43.161666,59.514298
43.171666,59.514333
43.181666,59.514368
43.191666,59.514403
43.201666,59.514438
43.211666,59.514473
43.221666,59.514508
43.231666,59.514542
43.241666,59.514577
43.251666,59.514612
43.261666,59.514647
43.271666,59.514682
43.281666,59.514717
43.291666,59.514752
43.301666,59.514786
43.311666,59.514821
43.321666,59.514856
43.331666,59.514891
43.341666,59.514926
43.351666,59.514960
43.361666,59.514995
43.371666,59.515030
43.381666,59.515064
43.391666,59.515099
43.401666,59.515134
43.411666,59.515168
43.421666,59.515203
43.431666,59.515238
43.441666,59.515272
43.451666,59.515307
43.461666,59.515341
43.471666,59.515376
43.481666,59.515411
43.491666,59.515445
43.501666,59.515480
43.511666,59.515514
43.521666,59.515549
43.531666,59.515583
43.541666,59.515618
43.551666,59.515652
43.561666,59.515687
43.571666,59.515721
43.581666,59.515755
43.591666,59.515790
43.601666,59.515824
43.611666,59.515859
43.621666,59.515893
43.631666,59.515927
43.641666,59.515962
43.651666,59.515996
43.661666,59.516030
43.671666,59.516064
43.681666,59.516099
43.691666,59.516133
43.701666,59.516167
43.711666,59.516201
43.721666,59.516236
43.731666,59.516270
43.741666,59.516304
43.751666,59.516338
43.761666,59.516372
43.771666,59.516407
43.781666,59.516441
43.791666,59.516475
43.801666,59.516509
43.811666,59.516543
43.821666,59.516577
43.831666,59.516611
43.841666,59.516645
43.851666,59.516679
43.861666,59.516713
43.871666,59.516747
43.881666,59.516781
43.891666,59.516815
43.901666,59.516849
43.911666,59.516883
43.921666,59.516917
43.931666,59.516951
43.941666,59.516985
43.951666,59.517019
43.961666,59.517053
43.971666,59.517087
43.981666,59.517121
43.991666,59.517155
44.001666,59.517188
44.011666,59.517222
44.021666,59.517256
44.031666,59.517290
44.041666,59.517324
44.051666,59.517357
44.061666,59.517391
44.071666,59.517425
44.081666,59.517459
44.091666,59.517492
44.101666,59.517526
44.111666,59.517560
44.121666,59.517593
44.131666,59.517627
44.141666,59.517661
44.151666,59.517694
44.161666,59.517728
44.171666,59.517762
44.181666,59.517795
44.191666,59.517829
44.201666,59.517862
44.211666,59.517896
44.221666,59.517930
44.231666,59.517963
44.241666,59.517997
44.251666,59.518030
44.261666,59.518064
44.271666,59.518097
44.281666,59.518131
44.291666,59.518164
44.301666,59.518197
44.311666,59.518231
44.321666,59.518264
44.331666,59.518298
44.341666,59.518331
44.351666,59.518365
44.361666,59.518398
44.371666,59.518431
44.381666,59.518465
44.391666,59.518498
44.401666,59.518531
44.411666,59.518565
44.421666,59.518598
44.431666,59.518631
44.441666,59.518664
44.451666,59.518698
44.461666,59.518731
44.471666,59.518764
44.481666,59.518797
44.491666,59.518830
44.501666,59.518864
44.511666,59.518897
44.521666,59.518930
44.531666,59.518963
44.541666,59.518996
44.551666,59.519029
44.561666,59.519062
44.571666,59.519096
44.581666,59.519129
44.591666,59.519162
44.601666,59.519195
44.611666,59.519228
44.621666,59.519261
44.631666,59.519294
44.641666,59.519327
44.651666,59.519360
44.661666,59.519393
44.671666,59.519426
44.681666,59.519459
44.691666,59.519492
44.701666,59.519525
44.711666,59.519557
44.721666,59.519590
44.731666,59.519623
44.741666,59.519656
44.751666,59.519689
44.761666,59.519722
44.771666,59.519755
44.781666,59.519787
44.791666,59.519820
44.801666,59.519853
44.811666,59.519886
44.821666,59.519919
44.831666,59.519951
44.841666,59.519984
44.851666,59.520017
44.861666,59.520050
44.871666,59.520082
44.881666,59.520115
44.891666,59.520148
44.901666,59.520180
44.911666,59.520213
44.921666,59.520246
44.931666,59.520278
44.941666,59.520311
44.951666,59.520343
44.961666,59.520376
44.971666,59.520409
44.981666,59.520441
44.991666,59.520474
45.001666,59.520506
45.011666,59.520539
45.021666,59.520571
45.031666,59.520604
45.041666,59.520636
45.051666,59.520669
45.061666,59.520701
45.071666,59.520734
45.081666,59.520766
45.091666,59.520799
45.101666,59.520831
45.111666,59.520863
45.121666,59.520896
45.131666,59.520928
45.141666,59.520960
45.151666,59.520993
45.161666,59.521025
45.171666,59.521058
45.181666,59.521090
45.191666,59.521122
45.201666,59.521154
45.211666,59.521187
45.221666,59.521219
45.231666,59.521251
45.241666,59.521283
45.251666,59.521316
45.261666,59.521348
45.271666,59.521380
45.281666,59.521412
45.291666,59.521444
45.301666,59.521477
45.311666,59.521509
45.321666,59.521541
45.331666,59.521573
45.341666,59.521605
45.351666,59.521637
45.361666,59.521669
45.371666,59.521701
45.381666,59.521734
45.391666,59.521766
45.401666,59.521798
45.411666,59.521830
45.421666,59.521862
45.431666,59.521894
45.441666,59.521926
45.451666,59.521958
45.461666,59.521990
45.471666,59.522022
45.481666,59.522053
45.491666,59.522085
45.501666,59.522117
45.511666,59.522149
45.521666,59.522181
45.531666,59.522213
45.541666,59.522245
45.551666,59.522277
45.561666,59.522309
45.571666,59.522340
45.581666,59.522372
45.591666,59.522404
45.601666,59.522436
45.611666,59.522468
45.621666,59.522499
45.631666,59.522531
45.641666,59.522563
45.651666,59.522595
45.661666,59.522626
45.671666,59.522658
45.681666,59.522690
45.691666,59.522722
45.701666,59.522753
45.711666,59.522785
45.721666,59.522816
45.731666,59.522848
45.741666,59.522880
45.751666,59.522911
45.761666,59.522943
45.771666,59.522975
45.781666,59.523006
45.791666,59.523038
45.801666,59.523069
45.811666,59.523101
45.821666,59.523132
45.831666,59.523164
45.841666,59.523195
45.851666,59.523227
45.861666,59.523258
45.871666,59.523290
45.881666,59.523321
45.891666,59.523353
45.901666,59.523384
45.911666,59.523416
45.921666,59.523447
45.931666,59.523478
45.941666,59.523510
45.951666,59.523541
45.961666,59.523573
45.971666,59.523604
45.981666,59.523635
45.991666,59.523667
46.001666,59.523698
46.011666,59.523729
46.021666,59.523761
46.031666,59.523792
46.041666,59.523823
46.051666,59.523854
46.061666,59.523886
46.071666,59.523917
46.081666,59.523948
46.091666,59.523979
46.101666,59.524010
46.111666,59.524042
46.121666,59.524073
46.131666,59.524104
46.141666,59.524135
46.151666,59.524166
46.161666,59.524197
46.171666,59.524229
46.181666,59.524260
46.191666,59.524291
46.201666,59.524322
46.211666,59.524353
46.221666,59.524384
46.231666,59.524415
46.241666,59.524446
46.251666,59.524477
46.261666,59.524508
46.271666,59.524539
46.281666,59.524570
46.291666,59.524601
46.301666,59.524632
46.311666,59.524663
46.321666,59.524694
46.331666,59.524725
46.341666,59.524756
46.351666,59.524787
46.361666,59.524818
46.371666,59.524848
46.381666,59.524879
46.391666,59.524910
46.401666,59.524941
46.411666,59.524972
46.421666,59.525003
46.431666,59.525033
46.441666,59.525064
46.451666,59.525095
46.461666,59.525126
46.471666,59.525157
46.481666,59.525187
46.491666,59.525218
46.501666,59.525249
46.511666,59.525280
46.521666,59.525310
46.531666,59.525341
46.541666,59.525372
46.551666,59.525402
46.561666,59.525433
46.571666,59.525464
46.581666,59.525494
46.591666,59.525525
46.601666,59.525556
46.611666,59.525586
46.621666,59.525617
46.631666,59.525647
46.641666,59.525678
46.651666,59.525708
46.661666,59.525739
46.671666,59.525770
46.681666,59.525800
46.691666,59.525831
46.701666,59.525861
46.711666,59.525892
46.721666,59.525922
46.731666,59.525953
46.741666,59.525983
46.751666,59.526013
46.761666,59.526044
46.771666,59.526074
46.781666,59.526105
46.791666,59.526135
46.801666,59.526165
46.811666,59.526196
46.821666,59.526226
46.831666,59.526257
46.841666,59.526287
46.851666,59.526317
46.861666,59.526348
46.871666,59.526378
46.881666,59.526408
46.891666,59.526438
46.901666,59.526469
46.911666,59.526499
46.921666,59.526529
46.931666,59.526560
46.941666,59.526590
46.951666,59.526620
46.961666,59.526650
46.971666,59.526680
46.981666,59.526711
46.991666,59.526741
47.001666,59.526771
47.011666,59.526801
47.021666,59.526831
47.031666,59.526861
47.041666,59.526891
47.051666,59.526922
47.061666,59.526952
47.071666,59.526982
47.081666,59.527012
47.091666,59.527042
47.101666,59.527072
47.111666,59.527102
47.121666,59.527132
47.131666,59.527162
47.141666,59.527192
47.151666,59.527222
47.161666,59.527252
47.171666,59.527282
47.181666,59.527312
47.191666,59.527342
47.201666,59.527372
47.211666,59.527402
47.221666,59.527432
47.231666,59.527462
47.241666,59.527492
47.251666,59.527521
47.261666,59.527551
47.271666,59.527581
47.281666,59.527611
47.291666,59.527641
47.301666,59.527671
47.311666,59.527701
47.321666,59.527730
47.331666,59.527760
47.341666,59.527790
47.351666,59.527820
47.361666,59.527849
47.371666,59.527879
47.381666,59.527909
47.391666,59.527939
47.401666,59.527968
47.411666,59.527998
47.421666,59.528028
47.431666,59.528058
47.441666,59.528087
47.451666,59.528117
47.461666,59.528147
47.471666,59.528176
47.481666,59.528206
47.491666,59.528235
47.501666,59.528265
47.511666,59.528295
47.521666,59.528324
47.531666,59.528354
47.541666,59.528383
47.551666,59.528413
47.561666,59.528442
47.571666,59.528472
47.581666,59.528502
47.591666,59.528531
47.601666,59.528561
47.611666,59.528590
47.621666,59.528620
47.631666,59.528649
47.641666,59.528679
47.651666,59.528708
47.661666,59.528737
47.671666,59.528767
47.681666,59.528796
47.691666,59.528826
47.701666,59.528855
47.711666,59.528884
47.721666,59.528914
47.731666,59.528943
47.741666,59.528973
47.751666,59.529002
47.761666,59.529031
47.771666,59.529061
47.781666,59.529090
47.791666,59.529119
47.801666,59.529148
47.811666,59.529178
47.821666,59.529207
47.831666,59.529236
47.841666,59.529266
47.851666,59.529295
47.861666,59.529324
47.871666,59.529353
47.881666,59.529382
47.891666,59.529412
47.901666,59.529441
47.911666,59.529470
47.921666,59.529499
47.931666,59.529528
47.941666,59.529557
47.951666,59.529587
47.961666,59.529616
47.971666,59.529645
47.981666,59.529674
47.991666,59.529703
48.001666,59.529732
48.011666,59.529761
48.021666,59.529790
48.031666,59.529819
48.041666,59.529848
48.051666,59.529877
48.061666,59.529906
48.071666,59.529935
48.081666,59.529964
48.091666,59.529993
48.101666,59.530022
48.111666,59.530051
48.121666,59.530080
48.131666,59.530109
48.141666,59.530138
48.151666,59.530167
48.161666,59.530196
48.171666,59.530225
48.181666,59.530254
48.191666,59.530283
48.201666,59.530311
48.211666,59.530340
48.221666,59.530369
48.231666,59.530398
48.241666,59.530427
48.251666,59.530456
48.261666,59.530484
48.271666,59.530513
48.281666,59.530542
48.291666,59.530571
48.301666,59.530600
48.311666,59.530628
48.321666,59.530657
48.331666,59.530686
48.341666,59.530715
48.351666,59.530743
48.361666,59.530772
48.371666,59.530801
48.381666,59.530829
48.391666,59.530858
48.401666,59.530887
48.411666,59.530915
48.421666,59.530944
48.431666,59.530973
48.441666,59.531001
48.451666,59.531030
48.461666,59.531058
48.471666,59.531087
48.481666,59.531116
48.491666,59.531144
48.501666,59.531173
48.511666,59.531201
48.521666,59.531230
48.531666,59.531258
48.541666,59.531287
48.551666,59.531315
48.561666,59.531344
48.571666,59.531372
48.581666,59.531401
48.591666,59.531429
48.601666,59.531458
48.611666,59.531486
48.621666,59.531515
48.631666,59.531543
48.641666,59.531571
48.651666,59.531600
48.661666,59.531628
48.671666,59.531657
48.681666,59.531685
48.691666,59.531713
48.701666,59.531742
48.711666,59.531770
48.721666,59.531798
48.731666,59.531827
48.741666,59.531855
48.751666,59.531883
48.761666,59.531912
48.771666,59.531940
48.781666,59.531968
48.791666,59.531997
48.801666,59.532025
48.811666,59.532053
48.821666,59.532081
48.831666,59.532110
48.841666,59.532138
48.851666,59.532166
48.861666,59.532194
48.871666,59.532222
48.881666,59.532250
48.891666,59.532279
48.901666,59.532307
48.911666,59.532335
48.921666,59.532363
48.931666,59.532391
48.941666,59.532419
48.951666,59.532447
48.961666,59.532476
48.971666,59.532504
48.981666,59.532532
48.991666,59.532560
49.001666,59.532588
49.011666,59.532616
49.021666,59.532644
49.031666,59.532672
49.041666,59.532700
49.051666,59.532728
49.061666,59.532756
49.071666,59.532784
49.081666,59.532812
49.091666,59.532840
49.101666,59.532868
49.111666,59.532896
49.121666,59.532924
49.131666,59.532952
49.141666,59.532980
49.151666,59.533008
49.161666,59.533035
49.171666,59.533063
49.181666,59.533091
49.191666,59.533119
49.201666,59.533147
49.211666,59.533175
49.221666,59.533203
49.231666,59.533230
49.241666,59.533258
49.251666,59.533286
49.261666,59.533314
49.271666,59.533342
49.281666,59.533369
49.291666,59.533397
49.301666,59.533425
49.311666,59.533453
49.321666,59.533480
49.331666,59.533508
49.341666,59.533536
49.351666,59.533564
49.361666,59.533591
49.371666,59.533619
49.381666,59.533647
49.391666,59.533674
49.401666,59.533702
49.411666,59.533730
49.421666,59.533757
49.431666,59.533785
49.441666,59.533813
49.451666,59.533840
49.461666,59.533868
49.471666,59.533895
49.481666,59.533923
49.491666,59.533951
49.501666,59.533978
49.511666,59.534006
49.521666,59.534033
49.531666,59.534061
49.541666,59.534088
49.551666,59.534116
49.561666,59.534143
49.571666,59.534171
49.581666,59.534198
49.591666,59.534226
49.601666,59.534253
49.611666,59.534281
49.621666,59.534308
49.631666,59.534336
49.641666,59.534363
49.651666,59.534391
49.661666,59.534418
49.671666,59.534445
49.681666,59.534473
49.691666,59.534500
49.701666,59.534528
49.711666,59.534555
49.721666,59.534582
49.731666,59.534610
49.741666,59.534637
49.751666,59.534664
49.761666,59.534692
49.771666,59.534719
49.781666,59.534746
49.791666,59.534773
49.801666,59.534801
49.811666,59.534828
49.821666,59.534855
49.831666,59.534883
49.841666,59.534910
49.851666,59.534937
49.861666,59.534964
49.871666,59.534991
49.881666,59.535019
49.891666,59.535046
49.901666,59.535073
49.911666,59.535100
49.921666,59.535127
49.931666,59.535155
49.941666,59.535182
49.951666,59.535209
49.961666,59.535236
49.971666,59.535263
49.981666,59.535290
49.991666,59.535317
50.001666,59.535344
50.011666,59.535372
50.021666,59.535399
50.031666,59.535426
50.041666,59.535453
50.051666,59.535480
50.061666,59.535507
50.071666,59.535534
50.081666,59.535561
50.091666,59.535588
50.101666,59.535615
50.111666,59.535642
50.121666,59.535669
50.131666,59.535696
50.141666,59.535723
50.151666,59.535750
50.161666,59.535777
50.171666,59.535804
50.181666,59.535831
50.191666,59.535857
50.201666,59.535884
50.211666,59.535911
50.221666,59.535938
50.231666,59.535965
50.241666,59.535992
50.251666,59.536019
50.261666,59.536046
50.271666,59.536072
50.281666,59.536099
50.291666,59.536126
50.301666,59.536153
50.311666,59.536180
50.321666,59.536207
50.331666,59.536233
50.341666,59.536260
50.351666,59.536287
50.361666,59.536314
50.371666,59.536340
50.381666,59.536367
50.391666,59.536394
50.401666,59.536421
50.411666,59.536447
50.421666,59.536474
50.431666,59.536501
50.441666,59.536527
50.451666,59.536554
50.461666,59.536581
50.471666,59.536607
50.481666,59.536634
50.491666,59.536661
50.501666,59.536687
50.511666,59.536714
50.521666,59.536741
50.531666,59.536767
50.541666,59.536794
50.551666,59.536820
50.561666,59.536847
50.571666,59.536873
50.581666,59.536900
50.591666,59.536927
50.601666,59.536953
50.611666,59.536980
50.621666,59.537006
50.631666,59.537033
50.641666,59.537059
50.651666,59.537086
50.661666,59.537112
50.671666,59.537139
50.681666,59.537165
50.691666,59.537192
50.701666,59.537218
50.711666,59.537244
50.721666,59.537271
50.731666,59.537297
50.741666,59.537324
50.751666,59.537350
50.761666,59.537377
50.771666,59.537403
50.781666,59.537429
50.791666,59.537456
50.801666,59.537482
50.811666,59.537508
50.821666,59.537535
50.831666,59.537561
50.841666,59.537587
50.851666,59.537614
50.861666,59.537640
50.871666,59.537666
50.881666,59.537693
50.891666,59.537719
50.901666,59.537745
50.911666,59.537771
50.921666,59.537798
50.931666,59.537824
50.941666,59.537850
50.951666,59.537876
50.961666,59.537903
50.971666,59.537929
50.981666,59.537955
50.991666,59.537981
51.001666,59.538007
51.011666,59.538034
51.021666,59.538060
51.031666,59.538086
51.041666,59.538112
51.051666,59.538138
51.061666,59.538164
51.071666,59.538190
51.081666,59.538217
51.091666,59.538243
51.101666,59.538269
51.111666,59.538295
51.121666,59.538321
51.131666,59.538347
51.141666,59.538373
51.151666,59.538399
51.161666,59.538425
51.171666,59.538451
51.181666,59.538477
51.191666,59.538503
51.201666,59.538529
51.211666,59.538555
51.221666,59.538581
51.231666,59.538607
51.241666,59.538633
51.251666,59.538659
51.261666,59.538685
51.271666,59.538711
51.281666,59.538737
51.291666,59.538763
51.301666,59.538789
51.311666,59.538815
51.321666,59.538841
51.331666,59.538866
51.341666,59.538892
51.351666,59.538918
51.361666,59.538944
51.371666,59.538970
51.381666,59.538996
51.391666,59.539022
51.401666,59.539048
51.411666,59.539073
51.421666,59.539099
51.431666,59.539125
51.441666,59.539151
51.451666,59.539177
51.461666,59.539202
51.471666,59.539228
51.481666,59.539254
51.491666,59.539280
51.501666,59.539305
51.511666,59.539331
51.521666,59.539357
51.531666,59.539383
51.541666,59.539408
51.551666,59.539434
51.561666,59.539460
51.571666,59.539485
51.581666,59.539511
51.591666,59.539537
51.601666,59.539562
51.611666,59.539588
51.621666,59.539614
51.631666,59.539639
51.641666,59.539665
51.651666,59.539690
51.661666,59.539716
51.671666,59.539742
51.681666,59.539767
51.691666,59.539793
51.701666,59.539818
51.711666,59.539844
51.721666,59.539870
51.731666,59.539895
51.741666,59.539921
51.751666,59.539946
51.761666,59.539972
51.771666,59.539997
51.781666,59.540023
51.791666,59.540048
51.801666,59.540074
51.811666,59.540099
51.821666,59.540125
51.831666,59.540150
51.841666,59.540176
51.851666,59.540201
51.861666,59.540226
51.871666,59.540252
51.881666,59.540277
51.891666,59.540303
51.901666,59.540328
51.911666,59.540354
51.921666,59.540379
51.931666,59.540404
51.941666,59.540430
51.951666,59.540455
51.961666,59.540480
51.971666,59.540506
51.981666,59.540531
51.991666,59.540556
52.001666,59.540582
52.011666,59.540607
52.021666,59.540632
52.031666,59.540658
52.041666,59.540683
52.051666,59.540708
52.061666,59.540733
52.071666,59.540759
52.081666,59.540784
52.091666,59.540809
52.101666,59.540834
52.111666,59.540860
52.121666,59.540885
52.131666,59.540910
52.141666,59.540935
52.151666,59.540960
52.161666,59.540986
52.171666,59.541011
52.181666,59.541036
52.191666,59.541061
52.201666,59.541086
52.211666,59.541111
52.221666,59.541137
52.231666,59.541162
52.241666,59.541187
52.251666,59.541212
52.261666,59.541237
52.271666,59.541262
52.281666,59.541287
52.291666,59.541312
52.301666,59.541337
52.311666,59.541362
52.321666,59.541387
52.331666,59.541412
52.341666,59.541437
52.351666,59.541463
52.361666,59.541488
52.371666,59.541513
52.381666,59.541538
52.391666,59.541563
52.401666,59.541588
52.411666,59.541612
52.421666,59.541637
52.431666,59.541662
52.441666,59.541687
52.451666,59.541712
52.461666,59.541737
52.471666,59.541762
52.481666,59.541787
52.491666,59.541812
52.501666,59.541837
52.511666,59.541862
52.521666,59.541887
52.531666,59.541912
52.541666,59.541936
52.551666,59.541961
52.561666,59.541986
52.571666,59.542011
52.581666,59.542036
52.591666,59.542061
52.601666,59.542085
52.611666,59.542110
52.621666,59.542135
52.631666,59.542160
52.641666,59.542185
52.651666,59.542209
52.661666,59.542234
52.671666,59.542259
52.681666,59.542284
52.691666,59.542308
52.701665,59.542333
52.711665,59.542358
52.721665,59.542383
52.731665,59.542407
52.741665,59.542432
52.751665,59.542457
52.761665,59.542481
52.771665,59.542506
52.781665,59.542531
52.791665,59.542555
52.801665,59.542580
52.811665,59.542605
52.821665,59.542629
52.831665,59.542654
52.841665,59.542679
52.851665,59.542703
52.861665,59.542728
52.871665,59.542752
52.881665,59.542777
52.891665,59.542802
52.901665,59.542826
52.911665,59.542851
52.921665,59.542875
52.931665,59.542900
52.941665,59.542924
52.951665,59.542949
52.961665,59.542973
52.971665,59.542998
52.981665,59.543022
52.991665,59.543047
53.001665,59.543071
53.011665,59.543096
53.021665,59.543120
53.031665,59.543145
53.041665,59.543169
53.051665,59.543194
53.061665,59.543218
53.071665,59.543243
53.081665,59.543267
53.091665,59.543292
53.101665,59.543316
53.111665,59.543340
53.121665,59.543365
53.131665,59.543389
53.141665,59.543414
53.151665,59.543438
53.161665,59.543462
53.171665,59.543487
53.181665,59.543511
53.191665,59.543535
53.201665,59.543560
53.211665,59.543584
53.221665,59.543608
53.231665,59.543633
53.241665,59.543657
53.251665,59.543681
53.261665,59.543705
53.271665,59.543730
53.281665,59.543754
53.291665,59.543778
53.301665,59.543802
53.311665,59.543827
53.321665,59.543851
53.331665,59.543875
53.341665,59.543899
53.351665,59.543924
53.361665,59.543948
53.371665,59.543972
53.381665,59.543996
53.391665,59.544020
53.401665,59.544045
53.411665,59.544069
53.421665,59.544093
53.431665,59.544117
53.441665,59.544141
53.451665,59.544165
53.461665,59.544189
53.471665,59.544214
53.481665,59.544238
53.491665,59.544262
53.501665,59.544286
53.511665,59.544310
53.521665,59.544334
53.531665,59.544358
53.541665,59.544382
53.551665,59.544406
53.561665,59.544430
53.571665,59.544454
53.581665,59.544478
53.591665,59.544502
53.601665,59.544526
53.611665,59.544550
53.621665,59.544574
53.631665,59.544598
53.641665,59.544622
53.651665,59.544646
53.661665,59.544670
53.671665,59.544694
53.681665,59.544718
53.691665,59.544742
53.701665,59.544766
53.711665,59.544790
53.721665,59.544814
53.731665,59.544838
53.741665,59.544862
53.751665,59.544886
53.761665,59.544909
53.771665,59.544933
53.781665,59.544957
53.791665,59.544981
53.801665,59.545005
53.811665,59.545029
53.821665,59.545053
53.831665,59.545076
53.841665,59.545100
53.851665,59.545124
53.861665,59.545148
53.871665,59.545172
53.881665,59.545196
53.891665,59.545219
53.901665,59.545243
53.911665,59.545267
53.921665,59.545291
53.931665,59.545314
53.941665,59.545338
53.951665,59.545362
53.961665,59.545386
53.971665,59.545409
53.981665,59.545433
53.991665,59.545457
54.001665,59.545480
54.011665,59.545504
54.021665,59.545528
54.031665,59.545551
54.041665,59.545575
54.051665,59.545599
54.061665,59.545622
54.071665,59.545646
54.081665,59.545670
54.091665,59.545693
54.101665,59.545717
54.111665,59.545741
54.121665,59.545764
54.131665,59.545788
54.141665,59.545811
54.151665,59.545835
54.161665,59.545859
54.171665,59.545882
54.181665,59.545906
54.191665,59.545929
54.201665,59.545953
54.211665,59.545976
54.221665,59.546000
54.231665,59.546023
54.241665,59.546047
54.251665,59.546070
54.261665,59.546094
54.271665,59.546117
54.281665,59.546141
54.291665,59.546164
54.301665,59.546188
54.311665,59.546211
54.321665,59.546235
54.331665,59.546258
54.341665,59.546282
54.351665,59.546305
54.361665,59.546329
54.371665,59.546352
54.381665,59.546375
54.391665,59.546399
54.401665,59.546422
54.411665,59.546446
54.421665,59.546469
54.431665,59.546492
54.441665,59.546516
54.451665,59.546539
54.461665,59.546562
54.471665,59.546586
54.481665,59.546609
54.491665,59.546632
54.501665,59.546656
54.511665,59.546679
54.521665,59.546702
54.531665,59.546726
54.541665,59.546749
54.551665,59.546772
54.561665,59.546795
54.571665,59.546819
54.581665,59.546842
54.591665,59.546865
54.601665,59.546888
54.611665,59.546912
54.621665,59.546935
54.631665,59.546958
54.641665,59.546981
54.651665,59.547005
54.661665,59.547028
54.671665,59.547051
54.681665,59.547074
54.691665,59.547097
54.701665,59.547120
54.711665,59.547144
54.721665,59.547167
54.731665,59.547190
54.741665,59.547213
54.751665,59.547236
54.761665,59.547259
54.771665,59.547282
54.781665,59.547305
54.791665,59.547329
54.801665,59.547352
54.811665,59.547375
54.821665,59.547398
54.831665,59.547421
54.841665,59.547444
54.851665,59.547467
54.861665,59.547490
54.871665,59.547513
54.881665,59.547536
54.891665,59.547559
54.901665,59.547582
54.911665,59.547605
54.921665,59.547628
54.931665,59.547651
54.941665,59.547674
54.951665,59.547697
54.961665,59.547720
54.971665,59.547743
54.981665,59.547766
54.991665,59.547789
55.001665,59.547812
55.011665,59.547835
55.021665,59.547858
55.031665,59.547881
55.041665,59.547904
55.051665,59.547927
55.061665,59.547949
55.071665,59.547972
55.081665,59.547995
55.091665,59.548018
55.101665,59.548041
55.111665,59.548064
55.121665,59.548087
55.131665,59.548109
55.141665,59.548132
55.151665,59.548155
55.161665,59.548178
55.171665,59.548201
55.181665,59.548224
55.191665,59.548246
55.201665,59.548269
55.211665,59.548292
55.221665,59.548315
55.231665,59.548338
55.241665,59.548360
55.251665,59.548383
55.261665,59.548406
55.271665,59.548429
55.281665,59.548451
55.291665,59.548474
55.301665,59.548497
55.311665,59.548519
55.321665,59.548542
55.331665,59.548565
55.341665,59.548588
55.351665,59.548610
55.361665,59.548633
55.371665,59.548656
55.381665,59.548678
55.391665,59.548701
55.401665,59.548724
55.411665,59.548746
55.421665,59.548769
55.431665,59.548791
55.441665,59.548814
55.451665,59.548837
55.461665,59.548859
55.471665,59.548882
55.481665,59.548904
55.491665,59.548927
55.501665,59.548950
55.511665,59.548972
55.521665,59.548995
55.531665,59.549017
55.541665,59.549040
55.551665,59.549062
55.561665,59.549085
55.571665,59.549107
55.581665,59.549130
55.591665,59.549152
55.601665,59.549175
55.611665,59.549197
55.621665,59.549220
55.631665,59.549242
55.641665,59.549265
55.651665,59.549287
55.661665,59.549310
55.671665,59.549332
55.681665,59.549355
55.691665,59.549377
55.701665,59.549399
55.711665,59.549422
55.721665,59.549444
55.731665,59.549467
55.741665,59.549489
55.751665,59.549512
55.761665,59.549534
55.771665,59.549556
55.781665,59.549579
55.791665,59.549601
55.801665,59.549623
55.811665,59.549646
55.821665,59.549668
55.831665,59.549690
55.841665,59.549713
55.851665,59.549735
55.861665,59.549757
55.871665,59.549780
55.881665,59.549802
55.891665,59.549824
55.901665,59.549847
55.911665,59.549869
55.921665,59.549891
55.931665,59.549913
55.941665,59.549936
55.951665,59.549958
55.961665,59.549980
55.971665,59.550002
55.981665,59.550025
55.991665,59.550047
56.001665,59.550069
56.011665,59.550091
56.021665,59.550113
56.031665,59.550136
56.041665,59.550158
56.051665,59.550180
56.061665,59.550202
56.071665,59.550224
56.081665,59.550246
56.091665,59.550269
56.101665,59.550291
56.111665,59.550313
56.121665,59.550335
56.131665,59.550357
56.141665,59.550379
56.151665,59.550401
56.161665,59.550423
56.171665,59.550445
56.181665,59.550468
56.191665,59.550490
56.201665,59.550512
56.211665,59.550534
56.221665,59.550556
56.231665,59.550578
56.241665,59.550600
56.251665,59.550622
56.261665,59.550644
56.271665,59.550666
56.281665,59.550688
56.291665,59.550710
56.301665,59.550732
56.311665,59.550754
56.321665,59.550776
56.331665,59.550798
56.341665,59.550820
56.351665,59.550842
56.361665,59.550864
56.371665,59.550886
56.381665,59.550908
56.391665,59.550930
56.401665,59.550952
56.411665,59.550974
56.421665,59.550995
56.431665,59.551017
56.441665,59.551039
56.451665,59.551061
56.461665,59.551083
56.471665,59.551105
56.481665,59.551127
56.491665,59.551149
56.501665,59.551170
56.511665,59.551192
56.521665,59.551214
56.531665,59.551236
56.541665,59.551258
56.551665,59.551280
56.561665,59.551301
56.571665,59.551323
56.581665,59.551345
56.591665,59.551367
56.601665,59.551389
56.611665,59.551410
56.621665,59.551432
56.631665,59.551454
56.641665,59.551476
56.651665,59.551498
56.661665,59.551519
56.671665,59.551541
56.681665,59.551563
56.691665,59.551584
56.701665,59.551606
56.711665,59.551628
56.721665,59.551650
56.731665,59.551671
56.741665,59.551693
56.751665,59.551715
56.761665,59.551736
56.771665,59.551758
56.781665,59.551780
56.791665,59.551801
56.801665,59.551823
56.811665,59.551845
56.821665,59.551866
56.831665,59.551888
56.841665,59.551909
56.851665,59.551931
56.861665,59.551953
56.871665,59.551974
56.881665,59.551996
56.891665,59.552017
56.901665,59.552039
56.911665,59.552061
56.921665,59.552082
56.931665,59.552104
56.941665,59.552125
56.951665,59.552147
56.961665,59.552168
56.971665,59.552190
56.981665,59.552211
56.991665,59.552233
57.001665,59.552254
57.011665,59.552276
57.021665,59.552297
57.031665,59.552319
57.041665,59.552340
57.051665,59.552362
57.061665,59.552383
57.071665,59.552405
57.081665,59.552426
57.091665,59.552448
57.101665,59.552469
57.111665,59.552491
57.121665,59.552512
57.131665,59.552533
57.141665,59.552555
57.151665,59.552576
57.161665,59.552598
57.171665,59.552619
57.181665,59.552640
57.191665,59.552662
57.201665,59.552683
57.211665,59.552705
57.221665,59.552726
57.231665,59.552747
57.241665,59.552769
57.251665,59.552790
57.261665,59.552811
57.271665,59.552833
57.281665,59.552854
57.291665,59.552875
57.301665,59.552897
57.311665,59.552918
57.321665,59.552939
57.331665,59.552960
57.341665,59.552982
57.351665,59.553003
57.361665,59.553024
57.371665,59.553046
57.381665,59.553067
57.391665,59.553088
57.401665,59.553109
57.411665,59.553130
57.421665,59.553152
57.431665,59.553173
57.441665,59.553194
57.451665,59.553215
57.461665,59.553237
57.471665,59.553258
57.481665,59.553279
57.491665,59.553300
57.501665,59.553321
57.511665,59.553342
57.521665,59.553364
57.531665,59.553385
57.541665,59.553406
57.551665,59.553427
57.561665,59.553448
57.571665,59.553469
57.581665,59.553490
57.591665,59.553511
57.601665,59.553533
57.611665,59.553554
57.621665,59.553575
57.631665,59.553596
57.641665,59.553617
57.651665,59.553638
57.661665,59.553659
57.671665,59.553680
57.681665,59.553701
57.691665,59.553722
57.701665,59.553743
57.711665,59.553764
57.721665,59.553785
57.731665,59.553806
57.741665,59.553827
57.751665,59.553848
57.761665,59.553869
57.771665,59.553890
57.781665,59.553911
57.791665,59.553932
57.801665,59.553953
57.811665,59.553974
57.821665,59.553995
57.831665,59.554016
57.841665,59.554037
57.851665,59.554058
57.861665,59.554079
57.871665,59.554100
57.881665,59.554121
57.891665,59.554142
57.901665,59.554162
57.911665,59.554183
57.921665,59.554204
57.931665,59.554225
57.941665,59.554246
57.951665,59.554267
57.961665,59.554288
57.971665,59.554309
57.981665,59.554329
57.991665,59.554350
58.001665,59.554371
58.011665,59.554392
58.021665,59.554413
58.031665,59.554434
58.041665,59.554454
58.051665,59.554475
58.061665,59.554496
58.071665,59.554517
58.081665,59.554538
58.091665,59.554558
58.101665,59.554579
58.111665,59.554600
58.121665,59.554621
58.131665,59.554641
58.141665,59.554662
58.151665,59.554683
58.161665,59.554704
58.171665,59.554724
58.181665,59.554745
58.191665,59.554766
58.201665,59.554786
58.211665,59.554807
58.221665,59.554828
58.231665,59.554848
58.241665,59.554869
58.251665,59.554890
58.261665,59.554911
58.271665,59.554931
58.281665,59.554952
58.291665,59.554972
58.301665,59.554993
58.311665,59.555014
58.321665,59.555034
58.331665,59.555055
58.341665,59.555076
58.351665,59.555096
58.361665,59.555117
58.371665,59.555137
58.381665,59.555158
58.391665,59.555179
58.401665,59.555199
58.411665,59.555220
58.421665,59.555240
58.431665,59.555261
58.441665,59.555281
58.451665,59.555302
58.461665,59.555322
58.471665,59.555343
58.481665,59.555363
58.491665,59.555384
58.501665,59.555404
58.511665,59.555425
58.521665,59.555445
58.531665,59.555466
58.541665,59.555486
58.551665,59.555507
58.561665,59.555527
58.571665,59.555548
58.581665,59.555568
58.591665,59.555589
58.601665,59.555609
58.611665,59.555630
58.621665,59.555650
58.631665,59.555670
58.641665,59.555691
58.651665,59.555711
58.661665,59.555732
58.671665,59.555752
58.681665,59.555772
58.691665,59.555793
58.701665,59.555813
58.711665,59.555834
58.721665,59.555854
58.731665,59.555874
58.741665,59.555895
58.751665,59.555915
58.761665,59.555935
58.771665,59.555956
58.781665,59.555976
58.791665,59.555996
58.801665,59.556017
58.811665,59.556037
58.821665,59.556057
58.831665,59.556077
58.841665,59.556098
58.851665,59.556118
58.861665,59.556138
58.871665,59.556159
58.881665,59.556179
58.891665,59.556199
58.901665,59.556219
58.911665,59.556240
58.921665,59.556260
58.931665,59.556280
58.941665,59.556300
58.951665,59.556320
58.961665,59.556341
58.971665,59.556361
58.981665,59.556381
58.991665,59.556401
59.001665,59.556421
59.011665,59.556442
59.021665,59.556462
59.031665,59.556482
59.041665,59.556502
59.051665,59.556522
59.061665,59.556542
59.071665,59.556563
59.081665,59.556583
59.091665,59.556603
59.101665,59.556623
59.111665,59.556643
59.121665,59.556663
59.131665,59.556683
59.141665,59.556703
59.151665,59.556723
59.161665,59.556744
59.171665,59.556764
59.181665,59.556784
59.191665,59.556804
59.201665,59.556824
59.211665,59.556844
59.221665,59.556864
59.231665,59.556884
59.241665,59.556904
59.251665,59.556924
59.261665,59.556944
59.271665,59.556964
59.281665,59.556984
59.291665,59.557004
59.301665,59.557024
59.311665,59.557044
59.321665,59.557064
59.331665,59.557084
59.341665,59.557104
59.351665,59.557124
59.361665,59.557144
59.371665,59.557164
59.381665,59.557184
59.391665,59.557204
59.401665,59.557224
59.411665,59.557243
59.421665,59.557263
59.431665,59.557283
59.441665,59.557303
59.451665,59.557323
59.461665,59.557343
59.471665,59.557363
59.481665,59.557383
59.491665,59.557403
59.501665,59.557423
59.511665,59.557442
59.521665,59.557462
59.531665,59.557482
59.541665,59.557502
59.551665,59.557522
59.561665,59.557542
59.571665,59.557561
59.581665,59.557581
59.591665,59.557601
59.601665,59.557621
59.611665,59.557641
59.621665,59.557660
59.631665,59.557680
59.641665,59.557700
59.651665,59.557720
59.661665,59.557740
59.671665,59.557759
59.681665,59.557779
59.691665,59.557799
59.701665,59.557819
59.711665,59.557838
59.721665,59.557858
59.731665,59.557878
59.741665,59.557897
59.751665,59.557917
59.761665,59.557937
59.771665,59.557957
59.781665,59.557976
59.791665,59.557996
59.801665,59.558016
59.811665,59.558035
59.821665,59.558055
59.831665,59.558075
59.841665,59.558094
59.851665,59.558114
59.861665,59.558134
59.871665,59.558153
59.881665,59.558173
59.891665,59.558192
59.901665,59.558212
59.911665,59.558232
59.921665,59.558251
59.931665,59.558271
59.941665,59.558290
59.951665,59.558310
59.961665,59.558330
59.971665,59.558349
59.981665,59.558369
59.991665,59.558388
60.000000,59.558405
